"Key","LastModified","ETag","Size","StorageClass","Bucket"
"current/","2023-08-11T08:03:47.000Z","""d41d8cd98f00b204e9800998ecf8427e""",0,"STANDARD","nccsdata"
"current/bmf/","2023-08-11T08:03:54.000Z","""d41d8cd98f00b204e9800998ecf8427e""",0,"STANDARD","nccsdata"
"current/bmf/bmf-master.rds","2023-08-11T08:05:01.000Z","""14012b31c683c383f8339cad225a28bf-24""",195379382,"STANDARD","nccsdata"
"geo/","2023-08-10T22:08:02.000Z","""d41d8cd98f00b204e9800998ecf8427e""",0,"STANDARD","nccsdata"
"geo/apportion_geolevel/","2023-08-10T22:10:10.000Z","""d41d8cd98f00b204e9800998ecf8427e""",0,"STANDARD","nccsdata"
"geo/apportion_time/","2023-08-10T22:10:21.000Z","""d41d8cd98f00b204e9800998ecf8427e""",0,"STANDARD","nccsdata"
"geo/data/","2023-09-15T18:51:34.000Z","""d41d8cd98f00b204e9800998ecf8427e""",0,"STANDARD","nccsdata"
"geo/data/census_codebook.xlsx","2023-09-15T18:54:03.000Z","""54c7829793e2637e56cc337ea9daf9b3""",9827,"STANDARD","nccsdata"
"geo/data/county/county_1990.csv","2023-10-17T22:51:59.000Z","""e003fed415f0059547c35c551c0fa2d2""",1151420,"STANDARD","nccsdata"
"geo/data/county/county_2000.csv","2023-10-17T22:52:01.000Z","""5f257efb9ff37688f8a6a20f0bc6c684""",1378109,"STANDARD","nccsdata"
"geo/data/county/county_2005-2009.csv","2023-10-17T22:52:02.000Z","""54fb9d6341ca8c81b2022ec77391aeca""",1333891,"STANDARD","nccsdata"
"geo/data/county/county_2006-2010.csv","2023-10-17T22:52:03.000Z","""eea1ee61310b6e16a73bd1eba4ac0d6e""",1061590,"STANDARD","nccsdata"
"geo/data/county/county_2007-2011.csv","2023-10-17T22:52:04.000Z","""64ebaff254a7deed8c452aaa850b929d""",1067433,"STANDARD","nccsdata"
"geo/data/county/county_2008-2012.csv","2023-10-17T22:52:05.000Z","""fed2c0c87d0f0ebd4a425f263e6f3067""",1069416,"STANDARD","nccsdata"
"geo/data/county/county_2009-2013.csv","2023-10-17T22:52:06.000Z","""f9745882009b98b0ce02312064136c06""",1070517,"STANDARD","nccsdata"
"geo/data/county/county_2010-2014.csv","2023-10-17T22:52:08.000Z","""dc14cf2cd34787d7254e9d41fb5619bb""",1072422,"STANDARD","nccsdata"
"geo/data/county/county_2011-2015.csv","2023-10-17T22:52:09.000Z","""33b324d5aa113e308095d6848be13be7""",1074560,"STANDARD","nccsdata"
"geo/data/county/county_2012-2016.csv","2023-10-17T22:52:10.000Z","""dfb3ce93395e4022a80d526ef3045551""",1076528,"STANDARD","nccsdata"
"geo/data/county/county_2013-2017.csv","2023-10-17T22:52:11.000Z","""36a6105e2bdc628a06daf4334bfe961e""",1076119,"STANDARD","nccsdata"
"geo/data/county/county_2014-2018.csv","2023-10-17T22:52:12.000Z","""8b2afd010d7ea788614808bf3e4c6200""",1077447,"STANDARD","nccsdata"
"geo/data/county/county_2015-2019.csv","2023-10-17T22:52:13.000Z","""a8f8c5136572a93e595b95c8effc5f37""",1077894,"STANDARD","nccsdata"
"geo/data/county/county_2016-2020.csv","2023-10-17T22:52:14.000Z","""174f7c6057b65da7ccc1369323d8a88e""",1336798,"STANDARD","nccsdata"
"geo/data/county/county_2017-2021.csv","2023-10-17T22:52:16.000Z","""7bb350cca1fae1936029ffcf27c4ff8a""",1336751,"STANDARD","nccsdata"
"geo/data/msa/msa_1990.csv","2023-10-17T22:53:01.000Z","""d74cf3a02c8e3c9f371ec7b159939900""",223669,"STANDARD","nccsdata"
"geo/data/msa/msa_2000.csv","2023-10-17T22:53:03.000Z","""b58c778672882f7db982eb43c0866eba""",223761,"STANDARD","nccsdata"
"geo/data/msa/msa_2005-2009.csv","2023-10-17T22:53:04.000Z","""9238eed5f70798d1af51b00a455e7542""",228152,"STANDARD","nccsdata"
"geo/data/msa/msa_2006-2010.csv","2023-10-17T22:53:14.000Z","""a8ed49367563e7f9360fbdc6ed93c016""",171330,"STANDARD","nccsdata"
"geo/data/msa/msa_2007-2011.csv","2023-10-17T22:53:17.000Z","""a1ec0d0ae8762d3f62f9d21457a4fe0f""",171328,"STANDARD","nccsdata"
"geo/data/msa/msa_2008-2012.csv","2023-10-17T22:53:19.000Z","""0647db2be6f707c9d5906733461ff815""",171309,"STANDARD","nccsdata"
"geo/data/msa/msa_2009-2013.csv","2023-10-17T22:53:21.000Z","""2a3c32076bfcbc39dfff3211456a0a9a""",171339,"STANDARD","nccsdata"
"geo/data/msa/msa_2010-2014.csv","2023-10-17T22:53:23.000Z","""56e356c2e18dec59dedcd69db30d7ceb""",171356,"STANDARD","nccsdata"
"geo/data/msa/msa_2011-2015.csv","2023-10-17T22:53:24.000Z","""b764c8b6ee5ce5372c8203e144083b9f""",171398,"STANDARD","nccsdata"
"geo/data/msa/msa_2012-2016.csv","2023-10-17T22:53:26.000Z","""f7b5c5efd778648f94b398f4c9913a75""",171451,"STANDARD","nccsdata"
"geo/data/msa/msa_2013-2017.csv","2023-10-17T22:53:27.000Z","""ed2181d237e72f812974224628d6ae14""",171477,"STANDARD","nccsdata"
"geo/data/msa/msa_2014-2018.csv","2023-10-17T22:53:29.000Z","""1e4dc1634180af2920ce67e9a110fb77""",171510,"STANDARD","nccsdata"
"geo/data/msa/msa_2015-2019.csv","2023-10-17T22:53:31.000Z","""21469856fae8cf11c58fb739a97972ad""",171541,"STANDARD","nccsdata"
"geo/data/msa/msa_2016-2020.csv","2023-10-17T22:53:32.000Z","""994ca360096adb45dceeb90576dc577e""",228024,"STANDARD","nccsdata"
"geo/data/msa/msa_2017-2021.csv","2023-10-17T22:53:34.000Z","""0448855b511361ada42dfd20fa216f25""",227983,"STANDARD","nccsdata"
"geo/data/tract/tract_1990.csv","2023-09-15T18:52:20.000Z","""a7ca9b1503fbe590ab22138fa695e6c7-4""",26019233,"STANDARD","nccsdata"
"geo/data/tract/tract_2000.csv","2023-09-15T18:52:19.000Z","""41a46e7e7ea8c50a5a5919060f7e737c-4""",25932694,"STANDARD","nccsdata"
"geo/data/tract/tract_2005-2009.csv","2023-09-15T18:52:19.000Z","""dc1024ab6d50d141552f834a11af6370-3""",25004251,"STANDARD","nccsdata"
"geo/data/tract/tract_2006-2010.csv","2023-09-15T18:52:19.000Z","""2bfdd87a066546519c2f89be8b30acab-3""",22098258,"STANDARD","nccsdata"
"geo/data/tract/tract_2007-2011.csv","2023-09-15T18:52:20.000Z","""3ae6fded3dbb77db02d6b167eaa43f05-3""",22335011,"STANDARD","nccsdata"
"geo/data/tract/tract_2008-2012.csv","2023-09-15T18:52:21.000Z","""394f69b5f818852081cf2258593841f5-3""",22425056,"STANDARD","nccsdata"
"geo/data/tract/tract_2009-2013.csv","2023-09-15T18:52:20.000Z","""354540a36afefd120ca0c3d5b2b99ada-3""",22479530,"STANDARD","nccsdata"
"geo/data/tract/tract_2010-2014.csv","2023-09-15T18:52:21.000Z","""30ac2432561c0cab7e63d70d79796870-3""",22556554,"STANDARD","nccsdata"
"geo/data/tract/tract_2011-2015.csv","2023-09-15T18:52:21.000Z","""a8e97fc7ae90762008deb31d7933b9dc-3""",22601444,"STANDARD","nccsdata"
"geo/data/tract/tract_2012-2016.csv","2023-09-15T18:52:21.000Z","""4ed7876aec49819aea969a034eb8a6ac-3""",17179870,"STANDARD","nccsdata"
"geo/data/tract/tract_2013-2017.csv","2023-09-15T18:52:21.000Z","""33450726587bb9ac96ad14933b61df54-3""",17179870,"STANDARD","nccsdata"
"geo/data/tract/tract_2014-2018.csv","2023-09-15T18:52:22.000Z","""f7de9ff3547780dd59f655512b861c57-3""",17179870,"STANDARD","nccsdata"
"geo/data/tract/tract_2015-2019.csv","2023-09-15T18:52:22.000Z","""73d62e35ea3a82ef478c685dd8711094-3""",22658659,"STANDARD","nccsdata"
"geo/data/tract/tract_2016-2020.csv","2023-09-15T18:52:22.000Z","""8532953c8fcde0c91c84b7cf6c8fb03d-3""",24612510,"STANDARD","nccsdata"
"geo/data/tract/tract_2017-2021.csv","2023-09-15T18:52:22.000Z","""fd6f9f66d198b681b3067b923dc12aaf-3""",22742381,"STANDARD","nccsdata"
"geo/xwalk/","2023-08-31T01:26:48.000Z","""d41d8cd98f00b204e9800998ecf8427e""",0,"STANDARD","nccsdata"
"geo/xwalk/BLOCKX.csv","2023-08-31T01:27:20.000Z","""769653828c6f47b9d6dda94b5d16e359-98""",820032323,"STANDARD","nccsdata"
"geo/xwalk/TRACTX.csv","2023-08-31T01:27:17.000Z","""8e9f87f234bb09f86ca0c3eae050a400-2""",15562264,"STANDARD","nccsdata"
"geo/xwalk/block_crosswalk.csv","2023-08-31T01:26:48.000Z","""a91b44970c4d909d892940d1b81c24f3-80""",666730837,"STANDARD","nccsdata"
"geo/xwalk/tract_crosswalk.csv","2023-08-31T01:26:53.000Z","""0f05331fdff230cc49229a3fd543921d-2""",14098724,"STANDARD","nccsdata"
"legacy/","2023-05-24T02:39:55.000Z","""d41d8cd98f00b204e9800998ecf8427e""",0,"STANDARD","nccsdata"
"legacy/bmf/","2023-05-24T02:40:07.000Z","""d41d8cd98f00b204e9800998ecf8427e""",0,"STANDARD","nccsdata"
"legacy/bmf/BMF-1989-06-501CX-NONPROFIT-PX.csv","2023-10-25T15:55:39.000Z","""7b945d23e80729d44b6e660324824670""",123275183,"STANDARD","nccsdata"
"legacy/bmf/BMF-1995-08-501CX-NONPROFIT-PX.csv","2023-10-25T15:55:43.000Z","""a44eaeb2571ce35558a659ff1d063d80""",223408208,"STANDARD","nccsdata"
"legacy/bmf/BMF-1996-06-501CX-NONPROFIT-PX.csv","2023-10-25T15:55:49.000Z","""8d6f74876c364025cf611b25a1c772b9""",236591589,"STANDARD","nccsdata"
"legacy/bmf/BMF-1997-10-501CX-NONPROFIT-PX.csv","2023-10-25T15:55:56.000Z","""9950934a75bb6d1b9fcf6aa744e57bb5""",242199256,"STANDARD","nccsdata"
"legacy/bmf/BMF-1998-09-501CX-NONPROFIT-PX.csv","2023-10-25T15:56:03.000Z","""6939ba4c25c0ff4302180fbc0897a032""",248986874,"STANDARD","nccsdata"
"legacy/bmf/BMF-1999-12-501CX-NONPROFIT-PX.csv","2023-10-25T15:56:10.000Z","""5c1c345232a683d526422926832cb2d1""",252960770,"STANDARD","nccsdata"
"legacy/bmf/BMF-2000-05-501CX-NONPROFIT-PX.csv","2023-10-25T15:56:15.000Z","""c13547b9a56a35454d9aed97352e35fb""",262500512,"STANDARD","nccsdata"
"legacy/bmf/BMF-2001-07-501CX-NONPROFIT-PX.csv","2023-10-25T15:56:24.000Z","""a4f380519a6bd0ee7ad2b0c002a26992""",272215759,"STANDARD","nccsdata"
"legacy/bmf/BMF-2002-01-501CX-NONPROFIT-PX.csv","2023-10-25T15:56:31.000Z","""e4e2c200005071febd9f492a3a9c5982""",289346775,"STANDARD","nccsdata"
"legacy/bmf/BMF-2002-07-501CX-NONPROFIT-PX.csv","2023-10-25T15:56:43.000Z","""709451111f58ca476060d2a779a11226""",286736045,"STANDARD","nccsdata"
"legacy/bmf/BMF-2003-01-501CX-NONPROFIT-PX.csv","2023-10-25T15:56:50.000Z","""5244c48a2eb138d7d58f543514bfed61""",285450141,"STANDARD","nccsdata"
"legacy/bmf/BMF-2003-07-501CX-NONPROFIT-PX.csv","2023-10-25T15:57:00.000Z","""4405c17abe64b8529604a9a728230a86""",314216564,"STANDARD","nccsdata"
"legacy/bmf/BMF-2003-11-501CX-NONPROFIT-PX.csv","2023-10-25T15:57:10.000Z","""c39aef6e81ce6854b4d5879d40bc5fc5""",309345596,"STANDARD","nccsdata"
"legacy/bmf/BMF-2004-04-501CX-NONPROFIT-PX.csv","2023-10-25T15:57:35.000Z","""e6750edb46b17ebed7fee90b00198036""",308934998,"STANDARD","nccsdata"
"legacy/bmf/BMF-2004-12-501CX-NONPROFIT-PX.csv","2023-10-25T15:57:47.000Z","""0d055f526313c58365d0c60f3071766a""",300285859,"STANDARD","nccsdata"
"legacy/bmf/BMF-2005-07-501CX-NONPROFIT-PX.csv","2023-10-25T15:57:53.000Z","""b410f5b0b91d225b8efad235e62432a6""",306744907,"STANDARD","nccsdata"
"legacy/bmf/BMF-2005-11-501CX-NONPROFIT-PX.csv","2023-10-25T15:58:02.000Z","""eef0ac0f110370876328e70c43c3300f""",314206372,"STANDARD","nccsdata"
"legacy/bmf/BMF-2006-01-501CX-NONPROFIT-PX.csv","2023-10-25T15:58:19.000Z","""de2aa5e9af473f47b6b1554576d4f737""",318448855,"STANDARD","nccsdata"
"legacy/bmf/BMF-2006-05-501CX-NONPROFIT-PX.csv","2023-10-25T15:58:23.000Z","""bbf069ae77126b534525d789794b822a""",316751659,"STANDARD","nccsdata"
"legacy/bmf/BMF-2006-11-501CX-NONPROFIT-PX.csv","2023-10-25T15:58:44.000Z","""e14f7da5b914cb39c95d6b42fd6028f4""",316315770,"STANDARD","nccsdata"
"legacy/bmf/BMF-2007-01-501CX-NONPROFIT-PX.csv","2023-10-25T15:58:51.000Z","""ceb7e784cbd94b6c699dd4174117f946""",310983734,"STANDARD","nccsdata"
"legacy/bmf/BMF-2007-04-501CX-NONPROFIT-PX.csv","2023-10-25T15:58:56.000Z","""9215662737cc21fc2b8f643842be63aa""",304630568,"STANDARD","nccsdata"
"legacy/bmf/BMF-2007-09-501CX-NONPROFIT-PX.csv","2023-10-25T15:59:09.000Z","""0240fec566166b51f5d3847c1ff39e6e""",297684163,"STANDARD","nccsdata"
"legacy/bmf/BMF-2008-01-501CX-NONPROFIT-PX.csv","2023-10-25T15:59:15.000Z","""991623533e47ac173753bbd0bf14b97e""",286059648,"STANDARD","nccsdata"
"legacy/bmf/BMF-2008-04-501CX-NONPROFIT-PX.csv","2023-10-25T15:59:27.000Z","""e6b0a8bfb2ef0545d2a32098e603ec2a""",291128181,"STANDARD","nccsdata"
"legacy/bmf/BMF-2008-06-501CX-NONPROFIT-PX.csv","2023-10-25T15:59:31.000Z","""f180dde35c636844814e213e50d33c5f""",293301761,"STANDARD","nccsdata"
"legacy/bmf/BMF-2008-10-501CX-NONPROFIT-PX.csv","2023-10-25T15:59:37.000Z","""298124d565ce4869e1a1fcad7dd3f20f""",304915680,"STANDARD","nccsdata"
"legacy/bmf/BMF-2008-12-501CX-NONPROFIT-PX.csv","2023-10-25T15:59:44.000Z","""7b1033ecb73d9d3be3911e4bf3251cd5""",299119207,"STANDARD","nccsdata"
"legacy/bmf/BMF-2009-01-501CX-NONPROFIT-PX.csv","2023-10-25T16:00:01.000Z","""0c555b986a4285dadf16f4dab3d7e7e2""",323329364,"STANDARD","nccsdata"
"legacy/bmf/BMF-2009-04-501CX-NONPROFIT-PX.csv","2023-10-25T16:00:12.000Z","""de82e21e42fae24ca0688fc4e20226f1""",303369014,"STANDARD","nccsdata"
"legacy/bmf/BMF-2009-07-501CX-NONPROFIT-PX.csv","2023-10-25T16:00:30.000Z","""e6769a88372ea7e0b300a4918d77c4e8""",306731688,"STANDARD","nccsdata"
"legacy/bmf/BMF-2009-10-501CX-NONPROFIT-PX.csv","2023-10-25T16:00:39.000Z","""e476e539f3e1545855e587e634cfb484""",382493876,"STANDARD","nccsdata"
"legacy/bmf/BMF-2010-01-501CX-NONPROFIT-PX.csv","2023-10-25T16:00:51.000Z","""129b2c4a3199ac7fe85f6bd3ca438101""",380441037,"STANDARD","nccsdata"
"legacy/bmf/BMF-2010-04-501CX-NONPROFIT-PX.csv","2023-10-25T16:01:03.000Z","""e15023c60fccd8125ee3f14e8634e578""",410808897,"STANDARD","nccsdata"
"legacy/bmf/BMF-2010-05-501CX-NONPROFIT-PX.csv","2023-10-25T16:01:16.000Z","""61fac91a0fd6c8ea1d6e293329a4dec1""",411577185,"STANDARD","nccsdata"
"legacy/bmf/BMF-2010-07-501CX-NONPROFIT-PX.csv","2023-10-25T16:01:38.000Z","""f839452e2dd17132923bea28bb6da6fc""",415547100,"STANDARD","nccsdata"
"legacy/bmf/BMF-2010-08-501CX-NONPROFIT-PX.csv","2023-10-25T16:02:00.000Z","""d863dec1e5571ef379ea02547094ff28""",382053761,"STANDARD","nccsdata"
"legacy/bmf/BMF-2010-11-501CX-NONPROFIT-PX.csv","2023-10-25T16:02:15.000Z","""2096dfb0355368a1b7f86ce50233453f""",374918589,"STANDARD","nccsdata"
"legacy/bmf/BMF-2011-06-501CX-NONPROFIT-PX.csv","2023-10-25T16:02:23.000Z","""c30e067de8fb3b4efc16c8b67ab31900""",338518211,"STANDARD","nccsdata"
"legacy/bmf/BMF-2011-07-501CX-NONPROFIT-PX.csv","2023-10-25T16:02:35.000Z","""42110bb6edd1e53ba33237bbd67c28b3""",340928939,"STANDARD","nccsdata"
"legacy/bmf/BMF-2011-08-501CX-NONPROFIT-PX.csv","2023-10-25T16:02:50.000Z","""fca417bbf5c0955cacdb29f1d39c50a6""",342146229,"STANDARD","nccsdata"
"legacy/bmf/BMF-2011-09-501CX-NONPROFIT-PX.csv","2023-10-25T16:02:58.000Z","""61d7109b4ab96d60c94b18b28fe04c76""",340816499,"STANDARD","nccsdata"
"legacy/bmf/BMF-2011-10-501CX-NONPROFIT-PX.csv","2023-10-25T16:03:11.000Z","""708f3a4b8024f0e580a5990ad9a93de7""",341397920,"STANDARD","nccsdata"
"legacy/bmf/BMF-2011-11-501CX-NONPROFIT-PX.csv","2023-10-25T16:03:24.000Z","""b1e87c9b92743a1850ff77a804b3877a""",342219130,"STANDARD","nccsdata"
"legacy/bmf/BMF-2011-12-501CX-NONPROFIT-PX.csv","2023-10-25T16:03:36.000Z","""f84d7fc1f53c126b335ab67c65474776""",342570531,"STANDARD","nccsdata"
"legacy/bmf/BMF-2012-02-501CX-NONPROFIT-PX.csv","2023-10-25T16:03:47.000Z","""64399d268f3dcbb444aa49d050920093""",308167547,"STANDARD","nccsdata"
"legacy/bmf/BMF-2012-03-501CX-NONPROFIT-PX.csv","2023-10-25T16:04:00.000Z","""f5fb439bd3bf8f6fbdb5fd0b28a83b64""",336091660,"STANDARD","nccsdata"
"legacy/bmf/BMF-2012-04-501CX-NONPROFIT-PX.csv","2023-10-25T16:04:08.000Z","""7445f3466d4542279a6ef2bf9584bb6c""",310046546,"STANDARD","nccsdata"
"legacy/bmf/BMF-2012-06-501CX-NONPROFIT-PX.csv","2023-10-25T16:04:26.000Z","""0e6a2e1d8e0435887e76dff87305704e""",339236747,"STANDARD","nccsdata"
"legacy/bmf/BMF-2012-07-501CX-NONPROFIT-PX.csv","2023-10-25T16:04:32.000Z","""5282c6885daa95821dfbc53c529025c4""",338360638,"STANDARD","nccsdata"
"legacy/bmf/BMF-2012-08-501CX-NONPROFIT-PX.csv","2023-10-25T16:04:37.000Z","""51ccba62bc6780e79fe250a748667764""",338726836,"STANDARD","nccsdata"
"legacy/bmf/BMF-2012-10-501CX-NONPROFIT-PX.csv","2023-10-25T16:04:47.000Z","""49f126dee387c0fb767438fa80a7b28b""",338692770,"STANDARD","nccsdata"
"legacy/bmf/BMF-2012-11-501CX-NONPROFIT-PX.csv","2023-10-25T16:05:02.000Z","""a29d01f8a8eb41c903190bf21ab58605""",338864887,"STANDARD","nccsdata"
"legacy/bmf/BMF-2012-12-501CX-NONPROFIT-PX.csv","2023-10-25T16:05:25.000Z","""c84590e2af8203826af7f3e6e4a0391b""",339398754,"STANDARD","nccsdata"
"legacy/bmf/BMF-2013-02-501CX-NONPROFIT-PX.csv","2023-10-25T16:05:31.000Z","""3d2f9e569982b2b2731730c636436145""",336973275,"STANDARD","nccsdata"
"legacy/bmf/BMF-2013-03-501CX-NONPROFIT-PX.csv","2023-10-25T16:05:47.000Z","""c1cfa6a552f38217a1314c401c0a120c""",332340058,"STANDARD","nccsdata"
"legacy/bmf/BMF-2013-04-501CX-NONPROFIT-PX.csv","2023-10-25T16:05:53.000Z","""5a89700283dada2b49f1c5c4f77cd3bb""",333942890,"STANDARD","nccsdata"
"legacy/bmf/BMF-2013-05-501CX-NONPROFIT-PX.csv","2023-10-25T16:06:00.000Z","""5f184c64c2e2a02b5035f3b8a01b4240""",334168944,"STANDARD","nccsdata"
"legacy/bmf/BMF-2013-06-501CX-NONPROFIT-PX.csv","2023-10-25T16:06:18.000Z","""1c61877182b9775c6e5445c68ed84ffb""",334684144,"STANDARD","nccsdata"
"legacy/bmf/BMF-2013-07-501CX-NONPROFIT-PX.csv","2023-10-25T16:06:28.000Z","""33ffb9b9c4e58267579a8a5a8d7930d0""",335312431,"STANDARD","nccsdata"
"legacy/bmf/BMF-2013-08-501CX-NONPROFIT-PX.csv","2023-10-25T16:06:40.000Z","""ce6b66e7b8f7f0fdb4389ff9ce05d07b""",330665004,"STANDARD","nccsdata"
"legacy/bmf/BMF-2013-09-501CX-NONPROFIT-PX.csv","2023-10-25T16:07:00.000Z","""614e73e16f973faa8e0dd8672f1535be""",331153459,"STANDARD","nccsdata"
"legacy/bmf/BMF-2013-10-501CX-NONPROFIT-PX.csv","2023-10-25T16:07:07.000Z","""01d5d8162b4a8406a9b8ea268709a8c8""",339685831,"STANDARD","nccsdata"
"legacy/bmf/BMF-2013-12-501CX-NONPROFIT-PX.csv","2023-10-25T16:07:16.000Z","""8067d041aa1c51447060bab8ee2bdf31""",331740719,"STANDARD","nccsdata"
"legacy/bmf/BMF-2014-02-501CX-NONPROFIT-PX.csv","2023-10-25T16:07:29.000Z","""a11d73f6618ae4722ffe922ad3fac174""",334483345,"STANDARD","nccsdata"
"legacy/bmf/BMF-2014-04-501CX-NONPROFIT-PX.csv","2023-10-25T16:07:37.000Z","""9b5355e5a944e1174407438e5ce342b8""",336267087,"STANDARD","nccsdata"
"legacy/bmf/BMF-2014-06-501CX-NONPROFIT-PX.csv","2023-10-25T16:07:43.000Z","""15c01a4b4cd0e3c2e1f3e580d6307153""",337508895,"STANDARD","nccsdata"
"legacy/bmf/BMF-2014-09-501CX-NONPROFIT-PX.csv","2023-10-25T16:07:51.000Z","""e7b47a2418eced0d5c1f0e6c1e8578e9""",343249163,"STANDARD","nccsdata"
"legacy/bmf/BMF-2014-11-501CX-NONPROFIT-PX.csv","2023-10-25T16:08:04.000Z","""e75ac0c126da92ca8af1c4175c76fb0f""",349471957,"STANDARD","nccsdata"
"legacy/bmf/BMF-2014-12-501CX-NONPROFIT-PX.csv","2023-10-25T16:08:19.000Z","""0e318013116cc803f62b70cd96f794dc""",351138090,"STANDARD","nccsdata"
"legacy/bmf/BMF-2015-02-501CX-NONPROFIT-PX.csv","2023-10-25T16:08:29.000Z","""5951fed222cbb872fcfd0acdf16779bb""",353513365,"STANDARD","nccsdata"
"legacy/bmf/BMF-2015-04-501CX-NONPROFIT-PX.csv","2023-10-25T16:08:35.000Z","""9db6203db2612a7baac62ad64e54c5f2""",356701416,"STANDARD","nccsdata"
"legacy/bmf/BMF-2015-05-501CX-NONPROFIT-PX.csv","2023-10-25T16:08:57.000Z","""6f460e34a200cb43b6ed80871173d401""",358488898,"STANDARD","nccsdata"
"legacy/bmf/BMF-2015-07-501CX-NONPROFIT-PX.csv","2023-10-25T16:09:04.000Z","""a311923fb70c8134bfd6d9a817327df2""",361129709,"STANDARD","nccsdata"
"legacy/bmf/BMF-2015-09-501CX-NONPROFIT-PX.csv","2023-10-25T16:09:11.000Z","""bc5e4c69081120ee1e24655d5c040f98""",359888500,"STANDARD","nccsdata"
"legacy/bmf/BMF-2015-11-501CX-NONPROFIT-PX.csv","2023-10-25T16:09:19.000Z","""6efc92183329ee09549624dbdc6c82a6""",363533695,"STANDARD","nccsdata"
"legacy/bmf/BMF-2015-12-501CX-NONPROFIT-PX.csv","2023-10-25T16:09:24.000Z","""54ca795750a4cb0a6112215abb146afb""",363691531,"STANDARD","nccsdata"
"legacy/bmf/BMF-2016-02-501CX-NONPROFIT-PX.csv","2023-10-25T16:09:46.000Z","""efb33f155fb4dbd86520ce9119ed933f""",366400586,"STANDARD","nccsdata"
"legacy/bmf/BMF-2016-03-501CX-NONPROFIT-PX.csv","2023-10-25T16:09:56.000Z","""8e2d9cf481211cff842290b07b67775d""",367702769,"STANDARD","nccsdata"
"legacy/bmf/BMF-2016-04-501CX-NONPROFIT-PX.csv","2023-10-25T16:10:08.000Z","""ba32de0d55f0d1510f7fbf062b647126""",368390029,"STANDARD","nccsdata"
"legacy/bmf/BMF-2016-08-501CX-NONPROFIT-PX.csv","2023-10-25T16:10:40.000Z","""7d81b86e553286e202a034f7e5b94556""",368346273,"STANDARD","nccsdata"
"legacy/bmf/BMF-2017-09-501CX-NONPROFIT-PX.csv","2023-10-25T16:10:52.000Z","""b11421221f5b163257860b20df41549f""",344800370,"STANDARD","nccsdata"
"legacy/bmf/BMF-2017-12-501CX-NONPROFIT-PX.csv","2023-10-25T16:10:58.000Z","""dc9ae8663853a408405c2cdc8ab8693d""",339452503,"STANDARD","nccsdata"
"legacy/bmf/BMF-2018-12-501CX-NONPROFIT-PX.csv","2023-10-25T16:11:11.000Z","""bb2b13bf87401f53ebf7156ca6b51962""",330515324,"STANDARD","nccsdata"
"legacy/bmf/BMF-2019-08-501CX-NONPROFIT-PX.csv","2023-10-25T16:11:26.000Z","""64a87ab7dc5cc2ad80957e43a075d505""",374885211,"STANDARD","nccsdata"
"legacy/bmf/BMF-2020-04-501CX-NONPROFIT-PX.csv","2023-10-25T16:11:46.000Z","""a43d8fc8031c1f35fae09e394bb6f95f""",375938052,"STANDARD","nccsdata"
"legacy/bmf/BMF-2022-01-501CX-NONPROFIT-PX.csv","2023-10-25T16:11:53.000Z","""30a807fd499991ba846d9733d10dada5""",377114816,"STANDARD","nccsdata"
"legacy/bmf/BMF-2022-08-501CX-NONPROFIT-PX.csv","2023-10-25T16:12:13.000Z","""faa5dad3000f0b9ef1d482aa7a089b78""",345836470,"STANDARD","nccsdata"
"legacy/bmf/index.html","2023-05-28T12:22:40.000Z","""2ccff3bc71aad06963896e01825436fd""",5287,"STANDARD","nccsdata"
"legacy/core/CORE-1989-501C3-CHARITIES-PZ.csv","2023-10-25T01:29:04.000Z","""5fea9bed08160c5e69bbc924be6a0cef""",63606704,"STANDARD","nccsdata"
"legacy/core/CORE-1989-501C3-PRIVFOUND-PF.csv","2023-10-25T01:29:07.000Z","""83f13077634fdc78ebacc94e87978b28""",17091246,"STANDARD","nccsdata"
"legacy/core/CORE-1989-501CE-NONPROFIT-PZ.csv","2023-10-25T01:29:05.000Z","""45eec00c540de3ec0f0cab7e33bd6c97""",90191822,"STANDARD","nccsdata"
"legacy/core/CORE-1990-501C3-CHARITIES-PZ.csv","2023-10-25T01:29:07.000Z","""b23c84609924e4437b8f273b6326d892""",66595109,"STANDARD","nccsdata"
"legacy/core/CORE-1990-501C3-PRIVFOUND-PF.csv","2023-10-25T01:29:12.000Z","""e0e935bf1da7e48d4ad60638e53ffdaf""",17571399,"STANDARD","nccsdata"
"legacy/core/CORE-1990-501CE-NONPROFIT-PZ.csv","2023-10-25T01:29:10.000Z","""e9345353885456df0879faf4f5019759""",84174624,"STANDARD","nccsdata"
"legacy/core/CORE-1991-501C3-CHARITIES-PZ.csv","2023-10-25T01:29:13.000Z","""8d45cd68bd4adbcb9c331405b8122eb9""",72296360,"STANDARD","nccsdata"
"legacy/core/CORE-1991-501C3-PRIVFOUND-PF.csv","2023-10-25T01:29:21.000Z","""631c396d830f57659a3fb8e8b12c8585""",18551964,"STANDARD","nccsdata"
"legacy/core/CORE-1991-501CE-NONPROFIT-PZ.csv","2023-10-25T01:29:17.000Z","""7e4a760a1860fc392763e9681144ac60""",92075053,"STANDARD","nccsdata"
"legacy/core/CORE-1992-501C3-CHARITIES-PZ.csv","2023-10-25T01:29:22.000Z","""5f8f0365f708b686e79d5d9ca2361664""",76715368,"STANDARD","nccsdata"
"legacy/core/CORE-1992-501C3-PRIVFOUND-PF.csv","2023-10-25T01:29:28.000Z","""1a2ba090e5537e16efc35bba5e3569ec""",21629772,"STANDARD","nccsdata"
"legacy/core/CORE-1992-501CE-NONPROFIT-PZ.csv","2023-10-25T01:29:24.000Z","""06a09130a99a453b9ca8caff8388f11f""",93925814,"STANDARD","nccsdata"
"legacy/core/CORE-1993-501C3-CHARITIES-PZ.csv","2023-10-25T01:29:29.000Z","""94fa0a83152303279aa43310ee36897b""",79914107,"STANDARD","nccsdata"
"legacy/core/CORE-1993-501CE-NONPROFIT-PZ.csv","2023-10-25T01:29:31.000Z","""efd643590542e3e940ec90e6deaefec3""",89157679,"STANDARD","nccsdata"
"legacy/core/CORE-1994-501C3-CHARITIES-PZ.csv","2023-10-25T01:29:33.000Z","""562106c82080fee129a5cca31941ba74""",84499956,"STANDARD","nccsdata"
"legacy/core/CORE-1994-501C3-PRIVFOUND-PF.csv","2023-10-25T01:29:39.000Z","""cacf7d821405b56c8fc51e59efa0c9a5""",21074421,"STANDARD","nccsdata"
"legacy/core/CORE-1994-501CE-NONPROFIT-PZ.csv","2023-10-25T01:29:36.000Z","""4c1a5aa1e55ae60547ab94e838a46236""",89930099,"STANDARD","nccsdata"
"legacy/core/CORE-1995-501C3-CHARITIES-PZ.csv","2023-10-25T01:29:41.000Z","""9a8848593c7695c7f37f83cc8ef6a91b""",90012907,"STANDARD","nccsdata"
"legacy/core/CORE-1995-501C3-PRIVFOUND-PF.csv","2023-10-25T01:29:47.000Z","""b193b6a9c2b37f35d1ef58a9b0c8a487""",21900002,"STANDARD","nccsdata"
"legacy/core/CORE-1995-501CE-NONPROFIT-PZ.csv","2023-10-25T01:29:45.000Z","""d160e473b16479b3bae10655a232cbb0""",90103798,"STANDARD","nccsdata"
"legacy/core/CORE-1996-501C3-CHARITIES-PZ.csv","2023-10-25T01:29:49.000Z","""11e16a704098b8070e9b6ddb1f09b580""",100868140,"STANDARD","nccsdata"
"legacy/core/CORE-1996-501C3-PRIVFOUND-PF.csv","2023-10-25T01:29:56.000Z","""e21b9d49bfce07f360462d25f3492270""",23142758,"STANDARD","nccsdata"
"legacy/core/CORE-1996-501CE-NONPROFIT-PZ.csv","2023-10-25T01:29:53.000Z","""d91ed32accc6410f2c996cc6de4ca53b""",92138420,"STANDARD","nccsdata"
"legacy/core/CORE-1997-501C3-CHARITIES-PZ.csv","2023-10-25T01:29:57.000Z","""dbac7046dd5caf2c590044d18f4324a5""",134702700,"STANDARD","nccsdata"
"legacy/core/CORE-1997-501C3-PRIVFOUND-PF.csv","2023-10-25T01:30:05.000Z","""d20b6758beded65bd582cb1e79983143""",33592821,"STANDARD","nccsdata"
"legacy/core/CORE-1997-501CE-NONPROFIT-PZ.csv","2023-10-25T01:30:01.000Z","""e3f631f8d2c389ee7800821dd2954c26""",62026852,"STANDARD","nccsdata"
"legacy/core/CORE-1998-501C3-CHARITIES-PZ.csv","2023-10-25T01:30:06.000Z","""f1bd1e7a242db0dc3fef21a370610147""",176139267,"STANDARD","nccsdata"
"legacy/core/CORE-1998-501C3-PRIVFOUND-PF.csv","2023-10-25T01:30:19.000Z","""fe1f9b3e2cc01e6ea4c97722cccd590a""",35432481,"STANDARD","nccsdata"
"legacy/core/CORE-1998-501CE-NONPROFIT-PZ.csv","2023-10-25T01:30:16.000Z","""e7fdec870d40eb45764a13c19ba30114""",79914347,"STANDARD","nccsdata"
"legacy/core/CORE-1999-501C3-CHARITIES-PZ.csv","2023-10-25T01:30:22.000Z","""0a6545f10c754467acfda419259378b0""",176481063,"STANDARD","nccsdata"
"legacy/core/CORE-1999-501C3-PRIVFOUND-PF.csv","2023-10-25T01:30:31.000Z","""abb5f3b57d61e965dae233aa9d9c7e5d""",38755327,"STANDARD","nccsdata"
"legacy/core/CORE-1999-501CE-NONPROFIT-PZ.csv","2023-10-25T01:30:28.000Z","""dcd64bb1db294e7bc51f1d122a5f9a28""",80539332,"STANDARD","nccsdata"
"legacy/core/CORE-2000-501C3-CHARITIES-PZ.csv","2023-10-25T01:30:33.000Z","""ffb32813ba2febdcea66cc7ee1d0fb8f""",198104020,"STANDARD","nccsdata"
"legacy/core/CORE-2000-501C3-PRIVFOUND-PF.csv","2023-10-25T01:30:43.000Z","""76a39c10ba89721db4633fa0547ea733""",49032551,"STANDARD","nccsdata"
"legacy/core/CORE-2000-501CE-NONPROFIT-PZ.csv","2023-10-25T01:30:38.000Z","""ac39c0fb7a5f5a8e55c5f68ef9c7c08f""",72677041,"STANDARD","nccsdata"
"legacy/core/CORE-2001-501C3-CHARITIES-PZ.csv","2023-10-25T01:30:44.000Z","""013c293c696a940bf08ad2050ac72017""",230853506,"STANDARD","nccsdata"
"legacy/core/CORE-2001-501C3-PRIVFOUND-PF.csv","2023-10-25T01:30:57.000Z","""bae5551fcb29749d617da4e1e2fde41b""",49807860,"STANDARD","nccsdata"
"legacy/core/CORE-2001-501CE-NONPROFIT-PZ.csv","2023-10-25T01:30:54.000Z","""177bd5aeb1e9789d60bc3f999124ea15""",76176661,"STANDARD","nccsdata"
"legacy/core/CORE-2002-501C3-CHARITIES-PZ.csv","2023-10-25T01:30:59.000Z","""a49c5d0a33253deb8df5cd7cdcd76f43""",259416119,"STANDARD","nccsdata"
"legacy/core/CORE-2002-501C3-PRIVFOUND-PF.csv","2023-10-25T01:31:13.000Z","""e0049081ba77aa970aa629a0ef0d0f32""",56575711,"STANDARD","nccsdata"
"legacy/core/CORE-2002-501CE-NONPROFIT-PZ.csv","2023-10-25T01:31:09.000Z","""9e53fecc2cd423426e6a0161162c764e""",117015929,"STANDARD","nccsdata"
"legacy/core/CORE-2003-501C3-CHARITIES-PZ.csv","2023-10-25T01:31:14.000Z","""c2e5729aa0641b9a4211030e62c89de9""",227307762,"STANDARD","nccsdata"
"legacy/core/CORE-2003-501C3-PRIVFOUND-PF.csv","2023-10-25T01:31:27.000Z","""396f5472ded3c654ad7c0b1926c6d972""",53565275,"STANDARD","nccsdata"
"legacy/core/CORE-2003-501CE-NONPROFIT-PZ.csv","2023-10-25T01:31:24.000Z","""7b0e92a26c0f4aac6251434f87241882""",91625138,"STANDARD","nccsdata"
"legacy/core/CORE-2004-501C3-CHARITIES-PZ.csv","2023-10-25T01:31:28.000Z","""f8cb9dabeb391da95627e8db7943fdbb""",299766893,"STANDARD","nccsdata"
"legacy/core/CORE-2004-501C3-PRIVFOUND-PF.csv","2023-10-25T01:31:47.000Z","""b9fdadc3688e871e8ea440cb56767cba""",55381605,"STANDARD","nccsdata"
"legacy/core/CORE-2004-501CE-NONPROFIT-PZ.csv","2023-10-25T01:31:43.000Z","""6b467132dd86e72d5d984283c14a0d09""",87896338,"STANDARD","nccsdata"
"legacy/core/CORE-2005-501C3-CHARITIES-PZ.csv","2023-10-25T01:31:48.000Z","""fc7c9ec87d16db39b7951a7d56ce7975""",226073919,"STANDARD","nccsdata"
"legacy/core/CORE-2005-501C3-PRIVFOUND-PF.csv","2023-10-25T01:32:01.000Z","""2b9b2b1ece1705adbfba61e574b68e30""",55616162,"STANDARD","nccsdata"
"legacy/core/CORE-2005-501CE-NONPROFIT-PZ.csv","2023-10-25T01:31:58.000Z","""ab30236ca57610fd7f489b48062fac90""",82561249,"STANDARD","nccsdata"
"legacy/core/CORE-2006-501C3-CHARITIES-PZ.csv","2023-10-25T01:32:04.000Z","""12c52962e58eace44e7bf7c0565e21ae""",237591208,"STANDARD","nccsdata"
"legacy/core/CORE-2006-501C3-PRIVFOUND-PF.csv","2023-10-25T01:32:20.000Z","""94c221054c6a5735180948143c6ce228""",58411122,"STANDARD","nccsdata"
"legacy/core/CORE-2006-501CE-NONPROFIT-PZ.csv","2023-10-25T01:32:16.000Z","""efa742e48c2703f86a45bdacd74d86dc""",87733281,"STANDARD","nccsdata"
"legacy/core/CORE-2007-501C3-CHARITIES-PZ.csv","2023-10-25T01:32:22.000Z","""177a4c0b0a9d007115d57e733d653ad6""",253268914,"STANDARD","nccsdata"
"legacy/core/CORE-2007-501C3-PRIVFOUND-PF.csv","2023-10-25T01:32:38.000Z","""f229b5f6c03aa257564d10f308596779""",60042234,"STANDARD","nccsdata"
"legacy/core/CORE-2007-501CE-NONPROFIT-PZ.csv","2023-10-25T01:32:33.000Z","""fc831b2642201c4adac313b0e86d0651""",93846574,"STANDARD","nccsdata"
"legacy/core/CORE-2008-501C3-CHARITIES-PZ.csv","2023-10-25T01:32:39.000Z","""d00887f7a2c13a2a15f04ba2cad5a861""",254414231,"STANDARD","nccsdata"
"legacy/core/CORE-2008-501C3-PRIVFOUND-PF.csv","2023-10-25T01:32:49.000Z","""978fb29e35d1fbb483a1811c592eb6f2""",63175529,"STANDARD","nccsdata"
"legacy/core/CORE-2008-501CE-NONPROFIT-PZ.csv","2023-10-25T01:32:46.000Z","""29cdc863bf2a3b4b7ddfd2ebd6867caa""",93701049,"STANDARD","nccsdata"
"legacy/core/CORE-2009-501C3-CHARITIES-PZ.csv","2023-10-25T01:32:52.000Z","""2425aef083159442faa24bbedc6f79c0""",263494275,"STANDARD","nccsdata"
"legacy/core/CORE-2009-501C3-PRIVFOUND-PF.csv","2023-10-25T01:33:04.000Z","""b20da8088399724856d57668fc803dd4""",64635974,"STANDARD","nccsdata"
"legacy/core/CORE-2009-501CE-NONPROFIT-PZ.csv","2023-10-25T01:33:00.000Z","""1a208c55e4bbc09e9c753a2f6224855b""",96095533,"STANDARD","nccsdata"
"legacy/core/CORE-2010-501C3-CHARITIES-PZ.csv","2023-10-25T01:33:07.000Z","""534a9df04e4f366db58f136445d02645""",316836067,"STANDARD","nccsdata"
"legacy/core/CORE-2010-501C3-PRIVFOUND-PF.csv","2023-10-25T01:33:19.000Z","""9cc6e408c25255fbe6ba623f59a3fbe8""",66380733,"STANDARD","nccsdata"
"legacy/core/CORE-2010-501CE-NONPROFIT-PZ.csv","2023-10-25T01:33:14.000Z","""945bc2c3aeac0d0c99914715f2d00759""",97965745,"STANDARD","nccsdata"
"legacy/core/CORE-2011-501C3-CHARITIES-PZ.csv","2023-10-25T01:33:21.000Z","""9266e2c14ba58b403ba9b8857af52b15""",263197127,"STANDARD","nccsdata"
"legacy/core/CORE-2011-501C3-PRIVFOUND-PF.csv","2023-10-25T01:33:37.000Z","""1e7d2a69d32aeebe4d65c46fc10b6b2e""",68239489,"STANDARD","nccsdata"
"legacy/core/CORE-2011-501CE-NONPROFIT-PZ.csv","2023-10-25T01:33:33.000Z","""5398b5c38304f44767de9ba3d774d64b""",101349738,"STANDARD","nccsdata"
"legacy/core/CORE-2012-501C3-CHARITIES-PC.csv","2023-10-25T01:33:39.000Z","""8d995088ba31117102c958cc5732f5c1""",209895799,"STANDARD","nccsdata"
"legacy/core/CORE-2012-501C3-CHARITIES-PZ.csv","2023-10-25T01:33:50.000Z","""5eebf50d49f53eeb465e8a9006bbe789""",260096452,"STANDARD","nccsdata"
"legacy/core/CORE-2012-501C3-PRIVFOUND-PF.csv","2023-10-25T01:34:06.000Z","""a3babe83803349dfe9ee8873dcd2dd0a""",64934155,"STANDARD","nccsdata"
"legacy/core/CORE-2012-501CE-NONPROFIT-PC.csv","2023-10-25T01:34:02.000Z","""eeaefc7b4c4de409563ab9efdaab9296""",73103052,"STANDARD","nccsdata"
"legacy/core/CORE-2012-501CE-NONPROFIT-PZ.csv","2023-10-25T01:34:04.000Z","""3684b55de3c95d225b0ff51c06132071""",94526389,"STANDARD","nccsdata"
"legacy/core/CORE-2013-501C3-CHARITIES-PC.csv","2023-10-25T01:34:08.000Z","""c1fbae2e304f23ed2ce76b21a9838a51""",233436504,"STANDARD","nccsdata"
"legacy/core/CORE-2013-501C3-CHARITIES-PZ.csv","2023-10-25T01:34:13.000Z","""b5220e6758bf033282da65b9d5b0ba10""",351069433,"STANDARD","nccsdata"
"legacy/core/CORE-2013-501C3-PRIVFOUND-PF.csv","2023-10-25T01:34:28.000Z","""a0c55c33262f544d1f0cd3d2c6c24ea6""",63463072,"STANDARD","nccsdata"
"legacy/core/CORE-2013-501CE-NONPROFIT-PC.csv","2023-10-25T01:34:23.000Z","""57747da311d45e9ed185ea7f96e5d028""",80808224,"STANDARD","nccsdata"
"legacy/core/CORE-2013-501CE-NONPROFIT-PZ.csv","2023-10-25T01:34:25.000Z","""ce959336dd47965b77ac163731a9948f""",90910588,"STANDARD","nccsdata"
"legacy/core/CORE-2014-501C3-CHARITIES-PC.csv","2023-10-25T01:34:29.000Z","""85dc1581b3225d4334fa702893eb173c""",228439601,"STANDARD","nccsdata"
"legacy/core/CORE-2014-501C3-CHARITIES-PZ.csv","2023-10-25T01:34:40.000Z","""39d22f4e4c45a14cd3e6c3baef0ef7a2""",343200414,"STANDARD","nccsdata"
"legacy/core/CORE-2014-501C3-PRIVFOUND-PF.csv","2023-10-25T01:35:04.000Z","""34e27b97d877668bd337be03932f82dc""",72535182,"STANDARD","nccsdata"
"legacy/core/CORE-2014-501CE-NONPROFIT-PC.csv","2023-10-25T01:34:56.000Z","""b6a2c17983f99aeee2a607c98972b363""",76325623,"STANDARD","nccsdata"
"legacy/core/CORE-2014-501CE-NONPROFIT-PZ.csv","2023-10-25T01:34:59.000Z","""71b283b77cb420570fb6d686f9f8302d""",115654766,"STANDARD","nccsdata"
"legacy/core/CORE-2015-501C3-CHARITIES-PC.csv","2023-10-25T01:35:08.000Z","""db67c16d815b21fda7608908e04d41a5""",240510705,"STANDARD","nccsdata"
"legacy/core/CORE-2015-501C3-CHARITIES-PZ.csv","2023-10-25T01:35:21.000Z","""11ffff02bfb8218ccb5801f3b2700cce""",348333223,"STANDARD","nccsdata"
"legacy/core/CORE-2015-501C3-PRIVFOUND-PF.csv","2023-10-25T01:35:38.000Z","""cfa11b5588307b1cf646f537ba56fce5""",73892130,"STANDARD","nccsdata"
"legacy/core/CORE-2015-501CE-NONPROFIT-PC.csv","2023-10-25T01:35:28.000Z","""166cb92d4b21041038b5911758e46d93""",79253542,"STANDARD","nccsdata"
"legacy/core/CORE-2015-501CE-NONPROFIT-PZ.csv","2023-10-25T01:35:32.000Z","""313374577ca3f38b509e426c172fd43b""",114975930,"STANDARD","nccsdata"
"legacy/core/CORE-2016-501C3-CHARITIES-PC.csv","2023-10-25T01:35:39.000Z","""1b38f313e6f5923a674892b6c8ee3901""",236556221,"STANDARD","nccsdata"
"legacy/core/CORE-2016-501C3-CHARITIES-PZ.csv","2023-10-25T01:35:55.000Z","""211ff432d5abe95ad11c6b94a45076ae""",339084469,"STANDARD","nccsdata"
"legacy/core/CORE-2016-501CE-NONPROFIT-PC.csv","2023-10-25T01:36:10.000Z","""beddc68b3dfad32bef2ce361d4bfde13""",76917651,"STANDARD","nccsdata"
"legacy/core/CORE-2016-501CE-NONPROFIT-PZ.csv","2023-10-25T01:36:12.000Z","""f79e738604b3e42d24d680c1d8d62f8e""",113562814,"STANDARD","nccsdata"
"legacy/core/CORE-2017-501C3-CHARITIES-PC.csv","2023-10-25T01:36:14.000Z","""481080d3060b1dad8144a72294c2172f""",242645406,"STANDARD","nccsdata"
"legacy/core/CORE-2017-501C3-CHARITIES-PZ.csv","2023-10-25T01:36:22.000Z","""713633162578d82e6a90a4d101999520""",349421830,"STANDARD","nccsdata"
"legacy/core/CORE-2017-501CE-NONPROFIT-PC.csv","2023-10-25T01:36:28.000Z","""0ca5fbba86dd518a4880af1cf3e959bb""",77364990,"STANDARD","nccsdata"
"legacy/core/CORE-2017-501CE-NONPROFIT-PZ.csv","2023-10-25T01:36:31.000Z","""e331369b998bcac4dec37b792d10c1bf""",110761799,"STANDARD","nccsdata"
"legacy/core/CORE-2018-501C3-CHARITIES-PC.csv","2023-10-25T01:36:35.000Z","""d1538aaa882c0b69960b273660e3890f""",241515053,"STANDARD","nccsdata"
"legacy/core/CORE-2018-501C3-CHARITIES-PZ.csv","2023-10-25T01:36:43.000Z","""40ee4485f33c7980eb730320e689ac4c""",351750379,"STANDARD","nccsdata"
"legacy/core/CORE-2018-501CE-NONPROFIT-PC.csv","2023-10-25T01:36:49.000Z","""c2063bea37cbe29563ef36f68b37bdcb""",75554516,"STANDARD","nccsdata"
"legacy/core/CORE-2018-501CE-NONPROFIT-PZ.csv","2023-10-25T01:36:51.000Z","""e25a6b84305a64efbcc5bde2f7e60d05""",111096855,"STANDARD","nccsdata"
"legacy/core/CORE-2019-501C3-CHARITIES-PC.csv","2023-10-25T01:36:53.000Z","""dbbf8909cfdb5191f7fbd4e4c29245f5""",223171737,"STANDARD","nccsdata"
"legacy/core/CORE-2019-501C3-CHARITIES-PZ.csv","2023-10-25T01:36:58.000Z","""a212e741929573735fc05a4061991ee6""",355142906,"STANDARD","nccsdata"
"legacy/core/CORE-2019-501C3-PRIVFOUND-PF.csv","2023-10-25T01:37:13.000Z","""1454a2642a4eebea7eecdc7b1e66c152""",57371770,"STANDARD","nccsdata"
"legacy/core/CORE-2019-501CE-NONPROFIT-PC.csv","2023-10-25T01:37:06.000Z","""47b73e30da961a64b4622c7c76b95252""",64413533,"STANDARD","nccsdata"
"legacy/core/CORE-2019-501CE-NONPROFIT-PZ.csv","2023-10-25T01:37:08.000Z","""227a929bcf0f3be715aeef336ab93978""",110676377,"STANDARD","nccsdata"
"legacy/core/CORE-COMPARISON-2015-2016-2017-2018-501CE-CHARITIES-PZ.xlsx","2023-10-25T01:22:26.000Z","""722067923b37e0a8f294ca236dc63040""",91783,"STANDARD","nccsdata"
"legacy/core/CORE-COMPARISON-2015-2016-2017-2018-501CE-NONPROFIT-PZ.xlsx","2023-10-25T01:22:26.000Z","""1e47f7483e55349ee222df7b5666777b""",91229,"STANDARD","nccsdata"
"legacy/core/CORE-COMPARISON-2015-2016-501CE-CHARITIES-PZ.xlsx","2023-10-25T01:22:26.000Z","""a66042e01471943d8fdef67c50b152cf""",45754,"STANDARD","nccsdata"
"legacy/core/CORE-COMPARISON-2015-2016-501CE-NONPROFIT-PZ.xlsx","2023-10-25T01:22:26.000Z","""606f30da23e63080496c6f8120f47330""",42882,"STANDARD","nccsdata"
"legacy/core/index.html","2023-05-28T12:23:27.000Z","""5de53e98c09222c274102704a9e758db""",6157,"STANDARD","nccsdata"
"legacy/digitized/DIG-BALANCE-1998-2003-501C3-CHARITIES-PZ.csv","2023-10-25T21:12:04.000Z","""7dadf592968f76077553b92b7f4b7fee""",680189745,"STANDARD","nccsdata"
"legacy/digitized/DIG-EINYEAR-1998-2003-501C3-CHARITIES-PZ.csv","2023-10-25T21:12:16.000Z","""6cfc98ba3b794110da376e18bf02d83a""",5082970,"STANDARD","nccsdata"
"legacy/digitized/DIG-FUNCEXP-1998-2003-501C3-CHARITIES-PZ.csv","2023-10-25T21:12:17.000Z","""d0d64cd5c4b6fb5d34fc19b8bd996cf0""",816033002,"STANDARD","nccsdata"
"legacy/digitized/DIG-INCPROD-1998-2003-501C3-CHARITIES-PZ.csv","2023-10-25T21:12:53.000Z","""e1b78761cfedd072e8437b630ee4d08f""",308489981,"STANDARD","nccsdata"
"legacy/digitized/DIG-MHEADER-1998-2003-501C3-CHARITIES-PZ.csv","2023-10-25T21:12:58.000Z","""fdff95c408e93ffabe3b7119b4c0d704""",566224402,"STANDARD","nccsdata"
"legacy/digitized/DIG-OFFICER-1998-2003-501C3-CHARITIES-PZ.csv","2023-10-25T21:13:47.000Z","""564efeaf945be285bcf2223864b5cc65""",3609839860,"STANDARD","nccsdata"
"legacy/digitized/DIG-OTHERIN-1998-2003-501C3-CHARITIES-PZ.csv","2023-10-25T21:16:41.000Z","""237dc1ad62907fc1118a15c4bc54d48a""",370645112,"STANDARD","nccsdata"
"legacy/digitized/DIG-PROGRAM-1998-2003-501C3-CHARITIES-PZ.csv","2023-10-25T21:16:49.000Z","""d415bb8629ee31f0abf124b5fe37f326""",850369564,"STANDARD","nccsdata"
"legacy/digitized/DIG-PURPOSE-1998-2003-501C3-CHARITIES-PZ.csv","2023-10-25T21:17:36.000Z","""a0a535a998c263bda16825fcc82b600b""",398003187,"STANDARD","nccsdata"
"legacy/digitized/DIG-REVEXPS-1998-2003-501C3-CHARITIES-PZ.csv","2023-10-25T21:17:48.000Z","""df8840a3692c472817a6e1d8f6165d8d""",538595766,"STANDARD","nccsdata"
"legacy/digitized/DIG-SCHAEMP-1998-2003-501C3-CHARITIES-PZ.csv","2023-10-25T21:18:00.000Z","""f6381f5b0e7798c388881033abbcc017""",144026411,"STANDARD","nccsdata"
"legacy/digitized/DIG-SCHAPTS-1998-2003-501C3-CHARITIES-PZ.csv","2023-10-25T21:18:05.000Z","""aff199292626772ff116e1d16837a0b4""",278857199,"STANDARD","nccsdata"
"legacy/digitized/DIG-TAXABLE-1998-2003-501C3-CHARITIES-PZ.csv","2023-10-25T21:18:17.000Z","""050dad09b663372c5bcc8ca4af316ab1""",256776094,"STANDARD","nccsdata"
"legacy/digitized/index.html","2023-05-28T12:24:16.000Z","""bdd67aeda8a8b89f388036bc166c23f2""",1443,"STANDARD","nccsdata"
"legacy/misc/ALLEINS-501CX-NONPROFIT-PX.csv","2023-10-25T19:28:20.000Z","""ac3f55ef5e5a9fe6adbe174191156857""",69944861,"STANDARD","nccsdata"
"legacy/misc/ALLNTEE-501CX-NONPROFIT-PX.csv","2023-10-25T19:28:21.000Z","""6e055233fd039ead414c15857d755474""",1584707658,"STANDARD","nccsdata"
"legacy/misc/FIPS-MSA-CROSSWALK.csv","2023-05-31T01:24:52.000Z","""bce9c288f6557cee783beafc086f6047""",29235,"STANDARD","nccsdata"
"legacy/misc/NTEE-NAICS-CROSSWALK.csv","2023-05-31T01:24:29.000Z","""d680ec56f1c5d50fdac6b5d30604737b""",37661,"STANDARD","nccsdata"
"legacy/misc/SUPPLEMENTAL-CORE-FINANCIAL-V1.csv","2023-05-31T01:24:33.000Z","""b82ab7ae5149a3f474fa1dc5bac99280""",143369366,"STANDARD","nccsdata"
"legacy/misc/SUPPLEMENTAL-CORE-FINANCIAL-V2.csv","2023-05-31T01:24:44.000Z","""d44b6d1265a9223916f65c4f4f49f2e5""",380946274,"STANDARD","nccsdata"
"legacy/misc/SUPPLEMENTAL-CORE-OFFICERS.csv","2023-05-31T01:24:36.000Z","""32053113443844c2268a33bad9062b02""",17453402,"STANDARD","nccsdata"
"legacy/misc/SUPPLEMENTAL-CORE-PROGRAM.csv","2023-05-31T01:24:37.000Z","""02af5335c61d50e37907cb5a111c9796""",319448486,"STANDARD","nccsdata"
"legacy/misc/SUPPLEMENTAL-CORE.csv","2023-05-31T01:24:30.000Z","""caa6725973e8cf2cf28f5573fb0b4da9""",124425797,"STANDARD","nccsdata"
"legacy/misc/TREND-1989-2013-501C3-CHARITIES-PZ.csv","2023-10-25T19:30:38.000Z","""791d53561bcfcdd73494dbf58656541d""",1424865989,"STANDARD","nccsdata"
"legacy/misc/TREND-1989-2013-501C3-PRIVFOUND-PF.csv","2023-10-25T19:31:45.000Z","""df3a23d0df1bd3cefe0b1a42aa6c405d""",411681007,"STANDARD","nccsdata"
"legacy/misc/TREND-1989-2013-501CE-NONPROFIT-PZ.csv","2023-10-25T19:31:31.000Z","""ac941a873d0056920d9c71c692209f5a""",804052477,"STANDARD","nccsdata"
"legacy/misc/index.html","2023-05-28T12:24:59.000Z","""e46d3c55ee5ab800e79bfd05f3eff4fa""",822,"STANDARD","nccsdata"
"legacy/soi-micro/1982/SOI-MICRODATA-1982-501C3-CHARITIES-PC.csv","2023-10-24T18:45:53.000Z","""7f44763f8d72865f4ac069073b18edec""",4900388,"STANDARD","nccsdata"
"legacy/soi-micro/1983/SOI-MICRODATA-1983-501C3-CHARITIES-PC.csv","2023-10-24T18:51:15.000Z","""f64feae6d4567dda72cb7a431f6cb384""",5070554,"STANDARD","nccsdata"
"legacy/soi-micro/1985/SOI-MICRODATA-1985-501C3-CHARITIES-PC.csv","2023-10-24T18:51:16.000Z","""227be67628cab5284b0d874a2278aa26""",6296326,"STANDARD","nccsdata"
"legacy/soi-micro/1986/SOI-MICRODATA-1986-501C3-CHARITIES-PC.csv","2023-10-24T18:51:17.000Z","""c657936014064805c59ce6f0fc52e0d9""",6517014,"STANDARD","nccsdata"
"legacy/soi-micro/1987/SOI-MICRODATA-1987-501C3-CHARITIES-PC.csv","2023-10-24T18:51:18.000Z","""684be7009448ac306218fea455da73a3""",9743194,"STANDARD","nccsdata"
"legacy/soi-micro/1988/SOI-MICRODATA-1988-501C3-CHARITIES-PC.csv","2023-10-24T18:51:18.000Z","""ea68c24da417c53be9f8eaebd3d9fac4""",12418093,"STANDARD","nccsdata"
"legacy/soi-micro/1989/SOI-MICRODATA-1989-501C3-CHARITIES-PC.csv","2023-10-24T18:51:19.000Z","""4e24502b42df2a80cd3c33028bd9fde8""",9849544,"STANDARD","nccsdata"
"legacy/soi-micro/1990/SOI-MICRODATA-1990-501C3-CHARITIES-PC.csv","2023-10-24T18:51:19.000Z","""105b1d0d14fba7de9341c6e9a51fb6b1""",13397480,"STANDARD","nccsdata"
"legacy/soi-micro/1990/SOI-MICRODATA-1990-501CE-NONPROFIT-PC.csv","2023-10-24T18:51:20.000Z","""007a6ecf9d3962f7dda3541d80531c2f""",11285547,"STANDARD","nccsdata"
"legacy/soi-micro/1991/SOI-MICRODATA-1991-501C3-CHARITIES-PC.csv","2023-10-24T18:51:21.000Z","""6882a9dbf7ae32d5b831c7413d0cf944""",12567601,"STANDARD","nccsdata"
"legacy/soi-micro/1991/SOI-MICRODATA-1991-501CE-NONPROFIT-PC.csv","2023-10-24T18:51:21.000Z","""204050635d4dd4bfe7a2e526c890cf93""",9183031,"STANDARD","nccsdata"
"legacy/soi-micro/1992/SOI-MICRODATA-1992-501C3-CHARITIES-EZ.csv","2023-10-24T18:51:22.000Z","""af991158354e12493cc22b8b7c259f1b""",144170,"STANDARD","nccsdata"
"legacy/soi-micro/1992/SOI-MICRODATA-1992-501C3-CHARITIES-PC.csv","2023-10-24T18:51:23.000Z","""31cb75caa03634f6e238e50887580bbb""",14675289,"STANDARD","nccsdata"
"legacy/soi-micro/1992/SOI-MICRODATA-1992-501CE-NONPROFIT-PC.csv","2023-10-24T18:51:24.000Z","""82a27e3d66420eec60db29052af28a8c""",9713995,"STANDARD","nccsdata"
"legacy/soi-micro/1993/SOI-MICRODATA-1993-501C3-CHARITIES-EZ.csv","2023-10-24T18:51:24.000Z","""da157a3f12c2565c78c11eb36ab60637""",140154,"STANDARD","nccsdata"
"legacy/soi-micro/1993/SOI-MICRODATA-1993-501C3-CHARITIES-PC.csv","2023-10-24T18:51:25.000Z","""8a008f275146fe40f5fe8989e34cece7""",15504391,"STANDARD","nccsdata"
"legacy/soi-micro/1993/SOI-MICRODATA-1993-501C3-PRIVFOUND-PF.csv","2023-10-24T18:51:26.000Z","""e005390a20c8d62b5e6f9e57f1a3e894""",4695560,"STANDARD","nccsdata"
"legacy/soi-micro/1993/SOI-MICRODATA-1993-501CE-NONPROFIT-PC.csv","2023-10-24T18:51:25.000Z","""26036200af514ab829f854fd8c7067c5""",7814863,"STANDARD","nccsdata"
"legacy/soi-micro/1994/SOI-MICRODATA-1994-501C3-CHARITIES-EZ.csv","2023-10-24T18:51:26.000Z","""f48f68278babe24600a18aad89649fc0""",99892,"STANDARD","nccsdata"
"legacy/soi-micro/1994/SOI-MICRODATA-1994-501C3-CHARITIES-PC.csv","2023-10-24T18:51:27.000Z","""b0b2b7213f93a41f98b3fe0ab9b8343f""",14685112,"STANDARD","nccsdata"
"legacy/soi-micro/1994/SOI-MICRODATA-1994-501C3-PRIVFOUND-PF.csv","2023-10-24T18:51:28.000Z","""e63fd08de465ba401316a94fe227fddd""",5365969,"STANDARD","nccsdata"
"legacy/soi-micro/1994/SOI-MICRODATA-1994-501CE-NONPROFIT-PC.csv","2023-10-24T18:51:28.000Z","""8aa8d72183bf635453caeab166b75ed8""",8130381,"STANDARD","nccsdata"
"legacy/soi-micro/1995/SOI-MICRODATA-1995-501C3-CHARITIES-EZ.csv","2023-10-24T18:51:29.000Z","""e0a02c4b757a9cc04af3382212aa6d74""",94984,"STANDARD","nccsdata"
"legacy/soi-micro/1995/SOI-MICRODATA-1995-501C3-CHARITIES-PC.csv","2023-10-24T18:51:29.000Z","""b25434a782e9f8c44de8b361db581cdc""",15844376,"STANDARD","nccsdata"
"legacy/soi-micro/1995/SOI-MICRODATA-1995-501C3-PRIVFOUND-PF.csv","2023-10-24T18:51:31.000Z","""60629cc6c1c2d25fd5d5befbe6426b62""",5796687,"STANDARD","nccsdata"
"legacy/soi-micro/1995/SOI-MICRODATA-1995-501CE-NONPROFIT-EZ.csv","2023-10-24T18:51:30.000Z","""b81154a98e463e0ab7f23ca8f4aac8d7""",280720,"STANDARD","nccsdata"
"legacy/soi-micro/1995/SOI-MICRODATA-1995-501CE-NONPROFIT-PC.csv","2023-10-24T18:51:30.000Z","""a30f57f9861884b3c4eae8f32b065ca8""",9331135,"STANDARD","nccsdata"
"legacy/soi-micro/1996/SOI-MICRODATA-1996-501C3-CHARITIES-EZ.csv","2023-10-24T18:51:33.000Z","""4161882037242d6fb817c742390d7044""",103429,"STANDARD","nccsdata"
"legacy/soi-micro/1996/SOI-MICRODATA-1996-501C3-CHARITIES-PC.csv","2023-10-24T18:51:33.000Z","""26d5fd3b67d26dc2a3b79f19194b0df7""",17128450,"STANDARD","nccsdata"
"legacy/soi-micro/1996/SOI-MICRODATA-1996-501C3-PRIVFOUND-PF.csv","2023-10-24T18:51:33.000Z","""ec4685ac5a1f4c72df05c19c7222a199""",6599672,"STANDARD","nccsdata"
"legacy/soi-micro/1997/SOI-MICRODATA-1997-501C3-CHARITIES-EZ.csv","2023-10-24T18:51:34.000Z","""7ebbd2a2dbe75a21f69776627be143ee""",241230,"STANDARD","nccsdata"
"legacy/soi-micro/1997/SOI-MICRODATA-1997-501C3-CHARITIES-PC.csv","2023-10-24T18:51:34.000Z","""9ef360b465036ec889ae2603f439d225""",19175849,"STANDARD","nccsdata"
"legacy/soi-micro/1997/SOI-MICRODATA-1997-501C3-PRIVFOUND-PF.csv","2023-10-24T18:51:36.000Z","""03c14641605f98c29a26b7ff15223fb2""",7282321,"STANDARD","nccsdata"
"legacy/soi-micro/1997/SOI-MICRODATA-1997-501CE-NONPROFIT-EZ.csv","2023-10-24T18:51:35.000Z","""a9e01ccc8444010267baf0a55166efaf""",285701,"STANDARD","nccsdata"
"legacy/soi-micro/1997/SOI-MICRODATA-1997-501CE-NONPROFIT-PC.csv","2023-10-24T18:51:35.000Z","""9e40f88be7912018129f521a95ca5099""",10349002,"STANDARD","nccsdata"
"legacy/soi-micro/1998/SOI-MICRODATA-1998-501C3-CHARITIES-EZ.csv","2023-10-24T18:51:37.000Z","""fec6663b7cb0462e7d4b718e44f38a7c""",250155,"STANDARD","nccsdata"
"legacy/soi-micro/1998/SOI-MICRODATA-1998-501C3-CHARITIES-PC.csv","2023-10-24T18:51:37.000Z","""f820f470c533ee2c1e23ec59eaa89e6f""",20309044,"STANDARD","nccsdata"
"legacy/soi-micro/1998/SOI-MICRODATA-1998-501C3-PRIVFOUND-PF.csv","2023-10-24T18:51:39.000Z","""93750624b9e37abed8a9c7b57964a945""",7773745,"STANDARD","nccsdata"
"legacy/soi-micro/1998/SOI-MICRODATA-1998-501CE-NONPROFIT-EZ.csv","2023-10-24T18:51:38.000Z","""64c8de04ca488a75483116357ae8e835""",287651,"STANDARD","nccsdata"
"legacy/soi-micro/1998/SOI-MICRODATA-1998-501CE-NONPROFIT-PC.csv","2023-10-24T18:51:38.000Z","""270ff501d9f6e54574c6b3252d3c5fae""",10072485,"STANDARD","nccsdata"
"legacy/soi-micro/1999/SOI-MICRODATA-1999-501C3-CHARITIES-EZ.csv","2023-10-24T18:51:39.000Z","""d243595f5b85e57872819fc70f75a3e8""",205165,"STANDARD","nccsdata"
"legacy/soi-micro/1999/SOI-MICRODATA-1999-501C3-CHARITIES-PC.csv","2023-10-24T18:51:40.000Z","""57f4c408228d67f753d0a899da3e3bcb""",20026581,"STANDARD","nccsdata"
"legacy/soi-micro/1999/SOI-MICRODATA-1999-501C3-PRIVFOUND-PF.csv","2023-10-24T18:51:42.000Z","""09400e7dead72a98af4a210aa58f146e""",8014053,"STANDARD","nccsdata"
"legacy/soi-micro/1999/SOI-MICRODATA-1999-501CE-NONPROFIT-EZ.csv","2023-10-24T18:51:41.000Z","""58c9fe491a37a79394a8613a948e0120""",233007,"STANDARD","nccsdata"
"legacy/soi-micro/1999/SOI-MICRODATA-1999-501CE-NONPROFIT-PC.csv","2023-10-24T18:51:41.000Z","""5806dc26b1b30ea758e20c9a621b440d""",9518362,"STANDARD","nccsdata"
"legacy/soi-micro/2000/SOI-MICRODATA-2000-501C3-CHARITIES-EZ.csv","2023-10-24T18:51:43.000Z","""5dc42dd558ee82b4cc6aa11b72085573""",482626,"STANDARD","nccsdata"
"legacy/soi-micro/2000/SOI-MICRODATA-2000-501C3-CHARITIES-PC.csv","2023-10-24T18:51:44.000Z","""81f4fa354c8fb0f24911db865f4f56e3""",22033424,"STANDARD","nccsdata"
"legacy/soi-micro/2000/SOI-MICRODATA-2000-501C3-PRIVFOUND-PF.csv","2023-10-24T18:51:46.000Z","""ca89cc3f6a63235dc3e878a48c97741c""",8207161,"STANDARD","nccsdata"
"legacy/soi-micro/2000/SOI-MICRODATA-2000-501CE-NONPROFIT-EZ.csv","2023-10-24T18:51:45.000Z","""849e9680d6312ba037e390950659601b""",670837,"STANDARD","nccsdata"
"legacy/soi-micro/2000/SOI-MICRODATA-2000-501CE-NONPROFIT-PC.csv","2023-10-24T18:51:45.000Z","""a40236829e262f295afa4a8dd437a156""",10940801,"STANDARD","nccsdata"
"legacy/soi-micro/2001/SOI-MICRODATA-2001-501C3-CHARITIES-EZ.csv","2023-10-24T18:51:47.000Z","""5ecc6ef48ca6e084282225329c492391""",481616,"STANDARD","nccsdata"
"legacy/soi-micro/2001/SOI-MICRODATA-2001-501C3-CHARITIES-PC.csv","2023-10-24T18:51:47.000Z","""eb7867faf5139fa45e82006504c73738""",22842700,"STANDARD","nccsdata"
"legacy/soi-micro/2001/SOI-MICRODATA-2001-501C3-PRIVFOUND-PF.csv","2023-10-24T18:51:49.000Z","""923e108b7877db5ffe1f6b050dbdf48a""",6489495,"STANDARD","nccsdata"
"legacy/soi-micro/2001/SOI-MICRODATA-2001-501CE-NONPROFIT-EZ.csv","2023-10-24T18:51:48.000Z","""afcd4f4f980b848466e0be655f982ab2""",648062,"STANDARD","nccsdata"
"legacy/soi-micro/2001/SOI-MICRODATA-2001-501CE-NONPROFIT-PC.csv","2023-10-24T18:51:49.000Z","""84053922289f0fe3ab6194535626aa25""",11052974,"STANDARD","nccsdata"
"legacy/soi-micro/2002/SOI-MICRODATA-2002-501C3-CHARITIES-EZ.csv","2023-10-24T18:51:50.000Z","""82740a627e17c332c176c437a482e733""",510218,"STANDARD","nccsdata"
"legacy/soi-micro/2002/SOI-MICRODATA-2002-501C3-CHARITIES-PC.csv","2023-10-24T18:51:50.000Z","""50ce7e5f2a55e135aea6f8f6cef60e55""",25189231,"STANDARD","nccsdata"
"legacy/soi-micro/2002/SOI-MICRODATA-2002-501C3-PRIVFOUND-PF.csv","2023-10-24T18:51:53.000Z","""3510a5cf60e7244c667239646a2a881c""",6580122,"STANDARD","nccsdata"
"legacy/soi-micro/2002/SOI-MICRODATA-2002-501CE-NONPROFIT-EZ.csv","2023-10-24T18:51:52.000Z","""67142bc63a572a0885d6abc9887a14fc""",701499,"STANDARD","nccsdata"
"legacy/soi-micro/2002/SOI-MICRODATA-2002-501CE-NONPROFIT-PC.csv","2023-10-24T18:51:52.000Z","""bfb2d5755cedd4669e69e44d922eaa99""",11824163,"STANDARD","nccsdata"
"legacy/soi-micro/2003/SOI-MICRODATA-2003-501C3-CHARITIES-EZ.csv","2023-10-24T18:51:54.000Z","""e50fcf1eafad2e33a096fe92f172d4e2""",317051,"STANDARD","nccsdata"
"legacy/soi-micro/2003/SOI-MICRODATA-2003-501C3-CHARITIES-PC.csv","2023-10-24T18:51:54.000Z","""25c659b038a1287cd1f8d46884670439""",20289766,"STANDARD","nccsdata"
"legacy/soi-micro/2003/SOI-MICRODATA-2003-501C3-PRIVFOUND-PF.csv","2023-10-24T18:51:55.000Z","""616597702de37202b5ab75688be69f81""",10656251,"STANDARD","nccsdata"
"legacy/soi-micro/2003/SOI-MICRODATA-2003-501CE-NONPROFIT-EZ.csv","2023-10-24T18:51:55.000Z","""ce36fdbcd174932b8423379c76619b69""",166513,"STANDARD","nccsdata"
"legacy/soi-micro/2003/SOI-MICRODATA-2003-501CE-NONPROFIT-PC.csv","2023-10-24T18:51:55.000Z","""1a9e3fb0fd43d1af8778a1ccb664df8d""",7516158,"STANDARD","nccsdata"
"legacy/soi-micro/2004/SOI-MICRODATA-2004-501C3-CHARITIES-EZ.csv","2023-10-24T18:51:56.000Z","""0120e77b0fa043194eec40281912fcab""",350160,"STANDARD","nccsdata"
"legacy/soi-micro/2004/SOI-MICRODATA-2004-501C3-CHARITIES-PC.csv","2023-10-24T18:51:56.000Z","""0df4097ade21fb716a28ecc66aaf5387""",21112970,"STANDARD","nccsdata"
"legacy/soi-micro/2004/SOI-MICRODATA-2004-501C3-PRIVFOUND-PF.csv","2023-10-24T18:51:59.000Z","""c998648036bb0234fec229ac870ae953""",11416354,"STANDARD","nccsdata"
"legacy/soi-micro/2004/SOI-MICRODATA-2004-501CE-NONPROFIT-EZ.csv","2023-10-24T18:51:58.000Z","""07781491f2387211079d275a6812c59a""",162449,"STANDARD","nccsdata"
"legacy/soi-micro/2004/SOI-MICRODATA-2004-501CE-NONPROFIT-PC.csv","2023-10-24T18:51:58.000Z","""2f74e6897d46c0ba9c81df7f108f0167""",7710881,"STANDARD","nccsdata"
"legacy/soi-micro/2005/SOI-MICRODATA-2005-501C3-CHARITIES-EZ.csv","2023-10-24T18:52:00.000Z","""066d45065da432f31079d3432fe97167""",362128,"STANDARD","nccsdata"
"legacy/soi-micro/2005/SOI-MICRODATA-2005-501C3-CHARITIES-PC.csv","2023-10-24T18:52:00.000Z","""872af8853034eb2e0a737044378955a9""",22592606,"STANDARD","nccsdata"
"legacy/soi-micro/2005/SOI-MICRODATA-2005-501C3-PRIVFOUND-PF.csv","2023-10-24T18:52:03.000Z","""c8b888869793d3b109ffbb4e7b2e6bf0""",12333353,"STANDARD","nccsdata"
"legacy/soi-micro/2005/SOI-MICRODATA-2005-501CE-NONPROFIT-EZ.csv","2023-10-24T18:52:02.000Z","""887012b400275dc2cfec82dd281b6b46""",170143,"STANDARD","nccsdata"
"legacy/soi-micro/2005/SOI-MICRODATA-2005-501CE-NONPROFIT-PC.csv","2023-10-24T18:52:02.000Z","""bf10eb6df8b8b9473e42b201b9dec673""",8129759,"STANDARD","nccsdata"
"legacy/soi-micro/2006/SOI-MICRODATA-2006-501C3-CHARITIES-EZ.csv","2023-10-24T18:52:04.000Z","""0db36dae9aedd9b4ca5ca4a3e1fd35fb""",397456,"STANDARD","nccsdata"
"legacy/soi-micro/2006/SOI-MICRODATA-2006-501C3-CHARITIES-PC.csv","2023-10-24T18:52:04.000Z","""64eda279ba3a30992fc7702689b26642""",25323010,"STANDARD","nccsdata"
"legacy/soi-micro/2006/SOI-MICRODATA-2006-501C3-PRIVFOUND-PF.csv","2023-10-24T18:52:06.000Z","""41e13da9bcf2b5cdaa3997b63c443881""",13479679,"STANDARD","nccsdata"
"legacy/soi-micro/2006/SOI-MICRODATA-2006-501CE-NONPROFIT-EZ.csv","2023-10-24T18:52:05.000Z","""82d890892c4db05135d02dd3e1db0100""",171841,"STANDARD","nccsdata"
"legacy/soi-micro/2006/SOI-MICRODATA-2006-501CE-NONPROFIT-PC.csv","2023-10-24T18:52:05.000Z","""a127bb43ad903142ab846dc3dd54b115""",8992162,"STANDARD","nccsdata"
"legacy/soi-micro/2007/SOI-MICRODATA-2007-501C3-CHARITIES-EZ.csv","2023-10-24T18:52:07.000Z","""be28971470e93fadab2e1ec54cdd6d63""",262736,"STANDARD","nccsdata"
"legacy/soi-micro/2007/SOI-MICRODATA-2007-501C3-CHARITIES-PC.csv","2023-10-24T18:52:07.000Z","""68f0fab19810cad45b71914e2d4ceb5f""",24871068,"STANDARD","nccsdata"
"legacy/soi-micro/2007/SOI-MICRODATA-2007-501C3-PRIVFOUND-PF.csv","2023-10-24T18:52:09.000Z","""7840894d4f147c6878197744eb2e086f""",13790318,"STANDARD","nccsdata"
"legacy/soi-micro/2007/SOI-MICRODATA-2007-501CE-NONPROFIT-EZ.csv","2023-10-24T18:52:08.000Z","""0b5ef7adee106ebde3ef257a7fccb81e""",180211,"STANDARD","nccsdata"
"legacy/soi-micro/2007/SOI-MICRODATA-2007-501CE-NONPROFIT-PC.csv","2023-10-24T18:52:08.000Z","""1d1a90714e09a07842fa466f985b7494""",8144204,"STANDARD","nccsdata"
"legacy/soi-micro/2008/SOI-MICRODATA-2008-501C3-CHARITIES-EZ.csv","2023-10-24T18:52:09.000Z","""ec05242d5acb53f756375e2c48f68567""",969661,"STANDARD","nccsdata"
"legacy/soi-micro/2008/SOI-MICRODATA-2008-501C3-CHARITIES-PC.csv","2023-10-24T18:52:10.000Z","""f23245bf03834a73cfdd7e14e3f0b816""",32033122,"STANDARD","nccsdata"
"legacy/soi-micro/2008/SOI-MICRODATA-2008-501C3-PRIVFOUND-PF.csv","2023-10-24T18:52:13.000Z","""69a6308ea385f27372d6e6ae815961ca""",16886049,"STANDARD","nccsdata"
"legacy/soi-micro/2008/SOI-MICRODATA-2008-501CE-NONPROFIT-EZ.csv","2023-10-24T18:52:11.000Z","""e6568969634cce75e6b752086c5106ff""",670710,"STANDARD","nccsdata"
"legacy/soi-micro/2008/SOI-MICRODATA-2008-501CE-NONPROFIT-PC.csv","2023-10-24T18:52:12.000Z","""d2cde17c4e843619e080b62249f9543d""",10605089,"STANDARD","nccsdata"
"legacy/soi-micro/2009/SOI-MICRODATA-2009-501C3-CHARITIES-EZ.csv","2023-10-24T18:52:14.000Z","""b79be5e4e6bb07870890d4f04ef17005""",849627,"STANDARD","nccsdata"
"legacy/soi-micro/2009/SOI-MICRODATA-2009-501C3-CHARITIES-PC.csv","2023-10-24T18:52:15.000Z","""98002cb801d4f487715f187c9bf7490a""",43575078,"STANDARD","nccsdata"
"legacy/soi-micro/2009/SOI-MICRODATA-2009-501C3-PRIVFOUND-PF.csv","2023-10-24T18:52:19.000Z","""fe53bc83b36990d2426f9919de25b22d""",18936473,"STANDARD","nccsdata"
"legacy/soi-micro/2009/SOI-MICRODATA-2009-501CE-NONPROFIT-EZ.csv","2023-10-24T18:52:17.000Z","""62eba52b287c8e39cbfb1d34984edd3b""",609070,"STANDARD","nccsdata"
"legacy/soi-micro/2009/SOI-MICRODATA-2009-501CE-NONPROFIT-PC.csv","2023-10-24T18:52:17.000Z","""ac85224c7483c124c4e4a26f3cea286f""",13560121,"STANDARD","nccsdata"
"legacy/soi-micro/2010/SOI-MICRODATA-2010-501C3-CHARITIES-EZ.csv","2023-10-24T18:52:19.000Z","""287f1b0abd146030527e961bcecedd32""",473631,"STANDARD","nccsdata"
"legacy/soi-micro/2010/SOI-MICRODATA-2010-501C3-CHARITIES-PC.csv","2023-10-24T18:52:20.000Z","""5dc24bef8310a00e45d2b68facb1914c""",35183870,"STANDARD","nccsdata"
"legacy/soi-micro/2010/SOI-MICRODATA-2010-501C3-PRIVFOUND-PF.csv","2023-10-24T18:52:23.000Z","""9d9b87082270489ce4f187070e8a4905""",19426250,"STANDARD","nccsdata"
"legacy/soi-micro/2010/SOI-MICRODATA-2010-501CE-NONPROFIT-EZ.csv","2023-10-24T18:52:22.000Z","""b820cfbc3a68f077368bd3abd4fe1576""",273176,"STANDARD","nccsdata"
"legacy/soi-micro/2010/SOI-MICRODATA-2010-501CE-NONPROFIT-PC.csv","2023-10-24T18:52:22.000Z","""38c3d4b6f51ca9be2bc7d16eb60cf114""",13347206,"STANDARD","nccsdata"
"legacy/soi-micro/2011/SOI-MICRODATA-2011-501C3-CHARITIES-EZ.csv","2023-10-24T18:52:24.000Z","""ed304e14f9c16d7fd16eca5ae04bccf0""",497999,"STANDARD","nccsdata"
"legacy/soi-micro/2011/SOI-MICRODATA-2011-501C3-CHARITIES-PC.csv","2023-10-24T18:52:25.000Z","""db8b7fd274eef90c1c8f17aa02374cc9""",36293300,"STANDARD","nccsdata"
"legacy/soi-micro/2011/SOI-MICRODATA-2011-501CE-NONPROFIT-EZ.csv","2023-10-24T18:52:26.000Z","""663e2d4df22db4dec0f23191b4f8df1a""",275474,"STANDARD","nccsdata"
"legacy/soi-micro/2011/SOI-MICRODATA-2011-501CE-NONPROFIT-PC.csv","2023-10-24T18:52:27.000Z","""4b201a31a1e68486651483e4614bab2a""",13719021,"STANDARD","nccsdata"
"legacy/soi-micro/2012/SOI-MICRODATA-2012-501C3-CHARITIES-EZ.csv","2023-10-24T18:52:27.000Z","""4a2886cdee9a8d05393ef16c7645eb66""",502102,"STANDARD","nccsdata"
"legacy/soi-micro/2012/SOI-MICRODATA-2012-501C3-CHARITIES-PC.csv","2023-10-24T18:52:28.000Z","""6b89f244414b9a198772ba7e3d39fdb9""",42791603,"STANDARD","nccsdata"
"legacy/soi-micro/2012/SOI-MICRODATA-2012-501CE-NONPROFIT-EZ.csv","2023-10-24T18:52:29.000Z","""3849f217c5476d56011f7015a18356e6""",276373,"STANDARD","nccsdata"
"legacy/soi-micro/2012/SOI-MICRODATA-2012-501CE-NONPROFIT-PC.csv","2023-10-24T18:52:29.000Z","""d432f6980fd9ba6524a0ba746d6262bd""",16245861,"STANDARD","nccsdata"
"meta/","2023-09-29T04:21:48.000Z","""d41d8cd98f00b204e9800998ecf8427e""",0,"STANDARD","nccsdata"
"meta/BMF-2022-01-W-FOUNDATION-TAXONOMY.csv","2023-10-04T08:13:08.000Z","""88928771316f6372aedb13b34644b6be-93""",772535450,"STANDARD","nccsdata"
"meta/metadata-country.csv","2023-09-30T03:44:51.000Z","""694e64abe30d9744c6849616129c8403-3""",18385745,"STANDARD","nccsdata"
"meta/metadata-formation-year.csv","2023-09-30T03:45:09.000Z","""30a6c0ca55a7877ff804ce46a1efc590-5""",36480127,"STANDARD","nccsdata"
"meta/metadata-group-aff.csv","2023-09-30T03:44:39.000Z","""9f0b612243af426f3bb60470001704f7-3""",20946547,"STANDARD","nccsdata"
"meta/metadata-group-number.csv","2023-09-30T03:44:34.000Z","""3c6e1b59874634f0750b875999eca1c9-3""",20149647,"STANDARD","nccsdata"
"meta/metadata-group-return.csv","2023-09-30T03:44:34.000Z","""c490400d35928ae8041893c48e1413a2-5""",41525641,"STANDARD","nccsdata"
"meta/metadata-org-type.csv","2023-09-30T03:45:00.000Z","""5a5e5d0e1a3c53c879a16e0b09f7b4bc-8""",59654048,"STANDARD","nccsdata"
"meta/metadata-state.csv","2023-09-30T03:44:56.000Z","""c549b4027d115b687a898de0203df175-4""",29914639,"STANDARD","nccsdata"
"meta/metadata-tax-status.csv","2023-09-30T03:44:42.000Z","""b2438ea4f9f9eceedd2767c17511747a-7""",53488001,"STANDARD","nccsdata"
"meta/metadata.csv","2023-09-30T03:32:55.000Z","""ef73ccede67fe0d28967e2e5cf5fd5e3-29""",243044171,"STANDARD","nccsdata"
"public/","2023-10-01T09:49:54.000Z","""d41d8cd98f00b204e9800998ecf8427e""",0,"STANDARD","nccsdata"
"public/bmf/","2023-10-03T17:55:17.000Z","""d41d8cd98f00b204e9800998ecf8427e""",0,"STANDARD","nccsdata"
"public/pacs/","2023-10-02T08:02:41.000Z","""d41d8cd98f00b204e9800998ecf8427e""",0,"STANDARD","nccsdata"
"public/pacs/2023-05-POL-ORGS-FM-8871.csv","2023-10-02T08:02:41.000Z","""b497284c067399e60a23b0875d2e56d8-4""",33552753,"STANDARD","nccsdata"
"public/pacs/2023-05-POL-ORGS-FM-8872.csv","2023-10-02T08:02:52.000Z","""c5f4e87404d1549b279e8a70462da4b6-3""",21525976,"STANDARD","nccsdata"
"public/pacs/2023-05-POL-ORGS-FOOTER.csv","2023-10-02T08:02:41.000Z","""6a445e54ac096bb07e81c6e81091155f""",109,"STANDARD","nccsdata"
"public/pacs/2023-05-POL-ORGS-HEADER.csv","2023-10-02T08:02:41.000Z","""0b6b832caf9f0dc022042abf181fd62b""",106,"STANDARD","nccsdata"
"public/pacs/2023-05-POL-ORGS-SCHED-A.csv","2023-10-02T08:02:42.000Z","""7e6216945011c1e976f27cd27638d0f3-157""",1315445348,"STANDARD","nccsdata"
"public/pacs/2023-05-POL-ORGS-SCHED-B.csv","2023-10-02T08:02:52.000Z","""3203b3b7c97987462a0efa9b8b387705-126""",1052338376,"STANDARD","nccsdata"
"public/pacs/2023-05-POL-ORGS-SCHED-D.csv","2023-10-02T08:02:41.000Z","""cb57ae0c3a9cfeade54b945639c95444-4""",25334354,"STANDARD","nccsdata"
"public/pacs/2023-05-POL-ORGS-SCHED-E.csv","2023-10-02T08:02:42.000Z","""f0d7e40b9784d09f0cf3a55de7691f45""",536375,"STANDARD","nccsdata"
"public/pacs/2023-05-POL-ORGS-SCHED-R.csv","2023-10-02T08:03:00.000Z","""50305a108d2148c66a0c20313657872d-2""",11710414,"STANDARD","nccsdata"
"public/pacs/2023-05-POL-ORGS-XX-NEED-FIXING.txt","2023-10-02T08:02:42.000Z","""d8686070c7473adaa2229c6454005d54""",1860962,"STANDARD","nccsdata"
"public/pacs/tidy-data-dictionary.csv","2023-10-02T08:02:42.000Z","""df568db9fc72ecc3b73fed6418a2c03c""",16171,"STANDARD","nccsdata"
"public/pub78/","2023-10-01T19:08:14.000Z","""d41d8cd98f00b204e9800998ecf8427e""",0,"STANDARD","nccsdata"
"public/pub78/2023-10-CURRENT-EXEMPT-ORGS-DATABASE.csv","2023-10-01T19:08:21.000Z","""46c5b90fb5bff8649cdfd924ed20032e-15""",124449116,"STANDARD","nccsdata"
"raw/1023-ez-approvals/2023-07-1023-EZ-APPROVALS-2022-LOG.txt","2023-07-05T13:53:31.000Z","""f35e270f798d715f55922f11f4299e2a""",504,"STANDARD","nccsdata"
"raw/1023-ez-approvals/2023-07-1023-EZ-APPROVALS-2022.csv","2023-07-05T13:53:29.000Z","""8491dcf1db6e8286e047635aa28a6dd0-8""",79322829,"STANDARD","nccsdata"
"raw/1023-ez-approvals/2023-07-1023-EZ-APPROVALS-NEW-CASES-2022.csv","2023-07-05T13:53:31.000Z","""b4ea66322821b85d3d30b2401ee55cf5""",44,"STANDARD","nccsdata"
"raw/1023-ez-approvals/2023-08-1023-EZ-APPROVALS-2022-LOG.txt","2023-08-01T13:02:08.000Z","""f35e270f798d715f55922f11f4299e2a""",504,"STANDARD","nccsdata"
"raw/1023-ez-approvals/2023-08-1023-EZ-APPROVALS-2022.csv","2023-08-01T13:02:04.000Z","""8491dcf1db6e8286e047635aa28a6dd0-8""",79322829,"STANDARD","nccsdata"
"raw/1023-ez-approvals/2023-08-1023-EZ-APPROVALS-NEW-CASES-2022.csv","2023-08-01T13:02:08.000Z","""07cc5e9a5b1a5cc66c400bd432591531""",44,"STANDARD","nccsdata"
"raw/1023-ez-approvals/2023-09-1023-EZ-APPROVALS-2022-LOG.txt","2023-09-01T13:02:07.000Z","""f35e270f798d715f55922f11f4299e2a""",504,"STANDARD","nccsdata"
"raw/1023-ez-approvals/2023-09-1023-EZ-APPROVALS-2022.csv","2023-09-01T13:02:05.000Z","""8491dcf1db6e8286e047635aa28a6dd0-8""",79322829,"STANDARD","nccsdata"
"raw/1023-ez-approvals/2023-09-1023-EZ-APPROVALS-NEW-CASES-2022.csv","2023-09-01T13:02:07.000Z","""bff6ce3ee6a2daf553af6bac4d60cad7""",44,"STANDARD","nccsdata"
"raw/1023-ez-approvals/2023-10-1023-EZ-APPROVALS-2022-LOG.txt","2023-10-01T13:02:09.000Z","""f35e270f798d715f55922f11f4299e2a""",504,"STANDARD","nccsdata"
"raw/1023-ez-approvals/2023-10-1023-EZ-APPROVALS-2022.csv","2023-10-01T13:02:05.000Z","""8491dcf1db6e8286e047635aa28a6dd0-8""",79322829,"STANDARD","nccsdata"
"raw/1023-ez-approvals/2023-10-1023-EZ-APPROVALS-NEW-CASES-2022.csv","2023-10-01T13:02:09.000Z","""0a7ba4ffd558d34c16c0ed07ead61a4e""",44,"STANDARD","nccsdata"
"raw/bmf/2023-06-BMF-LOG.txt","2023-06-18T22:39:28.000Z","""83bc0d0ce74a046d838b27ed74959378""",2833,"STANDARD","nccsdata"
"raw/bmf/2023-06-BMF-TABLE.csv","2023-06-18T22:39:28.000Z","""b186179ae44ac5c26236838abe6e0a14""",1494,"STANDARD","nccsdata"
"raw/bmf/2023-06-BMF.csv","2023-06-18T22:39:16.000Z","""b10dbf7005cdc8ad57367ab402b4dca3-39""",381374655,"STANDARD","nccsdata"
"raw/bmf/2023-07-BMF-LOG.txt","2023-07-05T13:54:14.000Z","""87dc633370c2852648ed462b380f3c0e""",2833,"STANDARD","nccsdata"
"raw/bmf/2023-07-BMF-TABLE.csv","2023-07-05T13:54:14.000Z","""2d64fe43e8e1cd1bd85ef301fb15e4bc""",1499,"STANDARD","nccsdata"
"raw/bmf/2023-07-BMF.csv","2023-07-05T13:54:01.000Z","""d322c7e28792ea25c6e1969aea5a5a76-39""",388963948,"STANDARD","nccsdata"
"raw/bmf/2023-08-BMF-LOG.txt","2023-08-01T13:02:44.000Z","""44f50031e658fd4a129928cf3d75fd8b""",2691,"STANDARD","nccsdata"
"raw/bmf/2023-08-BMF-TABLE.csv","2023-08-01T13:02:44.000Z","""0649142dc0a14ad4faa8c1745352c372""",1473,"STANDARD","nccsdata"
"raw/bmf/2023-08-BMF.csv","2023-08-01T13:02:32.000Z","""6867d7546b9d0d3b4f37422be000a489-30""",294753060,"STANDARD","nccsdata"
"raw/bmf/2023-09-BMF-LOG.txt","2023-09-01T13:03:03.000Z","""1686499abcad620151dea2b1e223a7ff""",2817,"STANDARD","nccsdata"
"raw/bmf/2023-09-BMF-TABLE.csv","2023-09-01T13:03:02.000Z","""81b5dac2fbd9c9e5ed9dd5f2b4a272af""",1488,"STANDARD","nccsdata"
"raw/bmf/2023-09-BMF.csv","2023-09-01T13:02:47.000Z","""ab4f1e6fc745161475b89dae4ddee3f9-39""",383136531,"STANDARD","nccsdata"
"raw/bmf/2023-10-BMF-LOG.txt","2023-10-01T13:02:47.000Z","""c2922b19c2c6e26ba2003f95f06a861d""",2817,"STANDARD","nccsdata"
"raw/bmf/2023-10-BMF-TABLE.csv","2023-10-01T13:02:46.000Z","""3482d50e562d172365f2a5a9d434dda9""",1488,"STANDARD","nccsdata"
"raw/bmf/2023-10-BMF.csv","2023-10-01T13:02:32.000Z","""b621081914b91818456cae40ccc5db76-39""",384149491,"STANDARD","nccsdata"
"raw/current-exempt-orgs/2023-06-CURRENT-EXEMPT-ORGS-DATABASE-LOG.txt","2023-06-18T22:46:18.000Z","""5faad7c765ca1d0d2e9982f5735596db""",633,"STANDARD","nccsdata"
"raw/current-exempt-orgs/2023-06-CURRENT-EXEMPT-ORGS-DATABASE.csv","2023-06-18T22:46:13.000Z","""4762eec480c7d7d45e57a975cf03f322-13""",126329685,"STANDARD","nccsdata"
"raw/current-exempt-orgs/2023-07-CURRENT-EXEMPT-ORGS-DATABASE-LOG.txt","2023-07-05T13:52:24.000Z","""5faad7c765ca1d0d2e9982f5735596db""",633,"STANDARD","nccsdata"
"raw/current-exempt-orgs/2023-07-CURRENT-EXEMPT-ORGS-DATABASE.csv","2023-07-05T13:52:19.000Z","""4762eec480c7d7d45e57a975cf03f322-13""",126329685,"STANDARD","nccsdata"
"raw/current-exempt-orgs/2023-08-CURRENT-EXEMPT-ORGS-DATABASE-LOG.txt","2023-08-01T13:01:41.000Z","""6cfc51bb428a17194663e0f0562599d6""",633,"STANDARD","nccsdata"
"raw/current-exempt-orgs/2023-08-CURRENT-EXEMPT-ORGS-DATABASE.csv","2023-08-01T13:01:36.000Z","""1f4a284c3a5eea70c961019a5d27cad0-13""",127150717,"STANDARD","nccsdata"
"raw/current-exempt-orgs/2023-09-CURRENT-EXEMPT-ORGS-DATABASE-LOG.txt","2023-09-01T13:01:19.000Z","""d92a915791fb9c8c9336fd6021266be8""",633,"STANDARD","nccsdata"
"raw/current-exempt-orgs/2023-09-CURRENT-EXEMPT-ORGS-DATABASE.csv","2023-09-01T13:01:14.000Z","""758a30b781592fb68421751bb252c9b5-13""",123956050,"STANDARD","nccsdata"
"raw/current-exempt-orgs/2023-10-CURRENT-EXEMPT-ORGS-DATABASE-LOG.txt","2023-10-01T13:01:19.000Z","""a5548681b33e2f0b6b17d86a742e3d4b""",633,"STANDARD","nccsdata"
"raw/current-exempt-orgs/2023-10-CURRENT-EXEMPT-ORGS-DATABASE.csv","2023-10-01T13:01:15.000Z","""ba555eb57c1452be80a444e425cb1f3b-13""",124449116,"STANDARD","nccsdata"
"raw/e-postcard/2023-06-E-POSTCARD-LOG.txt","2023-06-18T22:31:01.000Z","""e31a2bb43ff23dc345a5c691a84e9657""",898,"STANDARD","nccsdata"
"raw/e-postcard/2023-06-E-POSTCARD-TABLE.csv","2023-06-18T22:31:01.000Z","""f82c15fd5512aa67c83c701965c28277""",225,"STANDARD","nccsdata"
"raw/e-postcard/2023-06-E-POSTCARD.csv","2023-06-18T22:30:56.000Z","""e22f0e3ab8ea726716366000190a5fc8-18""",170973643,"STANDARD","nccsdata"
"raw/e-postcard/2023-07-E-POSTCARD-LOG.txt","2023-07-05T13:53:14.000Z","""0b50d7d49bdbb36474760c4b7c3d9c88""",899,"STANDARD","nccsdata"
"raw/e-postcard/2023-07-E-POSTCARD-TABLE.csv","2023-07-05T13:53:14.000Z","""883ff9bef92e443718ae151b2e13674c""",226,"STANDARD","nccsdata"
"raw/e-postcard/2023-07-E-POSTCARD.csv","2023-07-05T13:52:59.000Z","""27c73fdd7e48c774915c35ef8e0608cf-34""",337059652,"STANDARD","nccsdata"
"raw/e-postcard/2023-08-E-POSTCARD-LOG.txt","2023-08-01T13:01:58.000Z","""a2fe4ec8992ef2f09d6606d09acc0c35""",899,"STANDARD","nccsdata"
"raw/e-postcard/2023-08-E-POSTCARD-TABLE.csv","2023-08-01T13:01:58.000Z","""a3ae4ab99823d1ac330076f6c11f6712""",226,"STANDARD","nccsdata"
"raw/e-postcard/2023-08-E-POSTCARD.csv","2023-08-01T13:01:45.000Z","""37758f3a162de9e45368e142297233ca-34""",337780465,"STANDARD","nccsdata"
"raw/e-postcard/2023-09-E-POSTCARD-LOG.txt","2023-09-01T13:02:03.000Z","""a4924e6f94fdf34b398d35cd0339f644""",899,"STANDARD","nccsdata"
"raw/e-postcard/2023-09-E-POSTCARD-TABLE.csv","2023-09-01T13:02:03.000Z","""a28d4f834f7300a4f5a69218938356f9""",225,"STANDARD","nccsdata"
"raw/e-postcard/2023-09-E-POSTCARD.csv","2023-09-01T13:01:48.000Z","""1be6284b52f30228224f29483862b45a-34""",338461131,"STANDARD","nccsdata"
"raw/e-postcard/2023-10-E-POSTCARD-LOG.txt","2023-10-01T13:01:56.000Z","""bc727e2ababf953eea200ee9c4cb3ed3""",899,"STANDARD","nccsdata"
"raw/e-postcard/2023-10-E-POSTCARD-TABLE.csv","2023-10-01T13:01:56.000Z","""cd6d62f00249988400f0b6f910df5d44""",225,"STANDARD","nccsdata"
"raw/e-postcard/2023-10-E-POSTCARD.csv","2023-10-01T13:01:42.000Z","""e93e7137e4551610be44efe7e1bdef7c-34""",339120335,"STANDARD","nccsdata"
"raw/pol-orgs/2023-07-AGDataFile.txt","2023-07-05T13:54:01.000Z","""ece67f16649e6f5b3150ca16af9efd71-7""",64335872,"STANDARD","nccsdata"
"raw/pol-orgs/2023-07-FullDataFile.txt","2023-07-05T13:53:52.000Z","""87bab8686a670e374c63abb2dcf16c7b-30""",299933696,"STANDARD","nccsdata"
"raw/pol-orgs/2023-07-HMDataFile.txt","2023-07-05T13:54:03.000Z","""79b60c190da5854327054a0ec609b739-8""",70146358,"STANDARD","nccsdata"
"raw/pol-orgs/2023-07-NRDataFile.txt","2023-07-05T13:54:06.000Z","""6a250d506eb0e3984f6203ed26d4ecdd-8""",74366976,"STANDARD","nccsdata"
"raw/pol-orgs/2023-07-SZDataFile.txt","2023-07-05T13:54:08.000Z","""c513cba905a1c51941f55caf50287caa""",7245824,"STANDARD","nccsdata"
"raw/pol-orgs/2023-08-AGDataFile.txt","2023-08-01T13:02:43.000Z","""c323e764fa894d82e5842adfedd58122-37""",364011520,"STANDARD","nccsdata"
"raw/pol-orgs/2023-08-FullDataFile.txt","2023-08-01T13:02:42.000Z","""a77fb788a5db05d3a9add635ea4d13b5""",24,"STANDARD","nccsdata"
"raw/pol-orgs/2023-08-HMDataFile.txt","2023-08-01T13:02:57.000Z","""1b622941d9abbff947555ea25bfeff28-8""",71777095,"STANDARD","nccsdata"
"raw/pol-orgs/2023-08-NRDataFile.txt","2023-08-01T13:03:00.000Z","""666c54daefa430c4041093ab31261fc5-8""",72880128,"STANDARD","nccsdata"
"raw/pol-orgs/2023-08-SZDataFile.txt","2023-08-01T13:03:04.000Z","""7b003805ca0fe372649d98eda11abcf4""",7254016,"STANDARD","nccsdata"
"raw/pol-orgs/2023-09-AGDataFile.txt","2023-09-01T13:02:45.000Z","""3304e3378750d082889aefb7dc1c70cd-36""",355700736,"STANDARD","nccsdata"
"raw/pol-orgs/2023-09-FullDataFile.txt","2023-09-01T13:02:45.000Z","""e844fcf2f642393673dac0da7e2df03a""",24,"STANDARD","nccsdata"
"raw/pol-orgs/2023-09-HMDataFile.txt","2023-09-01T13:02:57.000Z","""5ca7583c4a1252abd689e5d01bb4cdb9-8""",72536748,"STANDARD","nccsdata"
"raw/pol-orgs/2023-09-NRDataFile.txt","2023-09-01T13:03:00.000Z","""fe79f8e907ac063a4884ae0ab18b95e8-8""",79777792,"STANDARD","nccsdata"
"raw/pol-orgs/2023-09-SZDataFile.txt","2023-09-01T13:03:03.000Z","""1f9b07b4f7f83d977463d774c6af5171""",7733248,"STANDARD","nccsdata"
"raw/pol-orgs/2023-10-AGDataFile.txt","2023-10-01T13:02:49.000Z","""5ebad9f006ab8114afc2659dfd0c81d5-7""",65826816,"STANDARD","nccsdata"
"raw/pol-orgs/2023-10-FullDataFile.txt","2023-10-01T13:02:40.000Z","""675ffc9e0a522483ab03a64644cb799e-29""",289812480,"STANDARD","nccsdata"
"raw/pol-orgs/2023-10-HMDataFile.txt","2023-10-01T13:02:51.000Z","""5e64b1736dbcb1e3946034f5778d1b25-8""",72594366,"STANDARD","nccsdata"
"raw/pol-orgs/2023-10-NRDataFile.txt","2023-10-01T13:02:54.000Z","""7b256e10285b6fa1731862ba3e73f347-8""",79765504,"STANDARD","nccsdata"
"raw/pol-orgs/2023-10-SZDataFile.txt","2023-10-01T13:02:56.000Z","""9bf8de0f4420821d71fc1e422f0cff02""",7729152,"STANDARD","nccsdata"
"raw/revocations/2023-06-REVOCATIONS-LOG.txt","2023-06-18T22:44:09.000Z","""7a74e1c0c764131ffa6a7a5cd60e67e9""",4515,"STANDARD","nccsdata"
"raw/revocations/2023-06-REVOCATIONS-ORGS.csv","2023-06-18T22:44:01.000Z","""69f216f6dda1a0bd529be2b466aee530-20""",190514043,"STANDARD","nccsdata"
"raw/revocations/2023-06-REVOCATIONS-TABLE.csv","2023-06-18T22:44:09.000Z","""429f93e6bc6271f171b9f52b94107e96""",2789,"STANDARD","nccsdata"
"raw/revocations/2023-07-REVOCATIONS-LOG.txt","2023-07-05T13:52:44.000Z","""344f635d5f7d27e7ff754b0327597163""",4515,"STANDARD","nccsdata"
"raw/revocations/2023-07-REVOCATIONS-ORGS.csv","2023-07-05T13:52:39.000Z","""942b8ab780e905d7fc2576127b1ba561-20""",190523971,"STANDARD","nccsdata"
"raw/revocations/2023-07-REVOCATIONS-TABLE.csv","2023-07-05T13:52:44.000Z","""d73372de8142d8176dd9888dc74b5c4c""",2789,"STANDARD","nccsdata"
"raw/revocations/2023-08-REVOCATIONS-LOG.txt","2023-08-01T13:02:12.000Z","""9b75aaba52d379950343fab34ddfc8e2""",4537,"STANDARD","nccsdata"
"raw/revocations/2023-08-REVOCATIONS-ORGS.csv","2023-08-01T13:02:06.000Z","""7299f67ba0d5ba4add345ae24961633d-20""",190652043,"STANDARD","nccsdata"
"raw/revocations/2023-08-REVOCATIONS-TABLE.csv","2023-08-01T13:02:12.000Z","""f48470b5a2c87a32d6f5e819182a67e4""",2806,"STANDARD","nccsdata"
"raw/revocations/2023-09-REVOCATIONS-LOG.txt","2023-09-01T13:01:58.000Z","""1d7a56db26877bfdfd1757a31303ae9e""",4385,"STANDARD","nccsdata"
"raw/revocations/2023-09-REVOCATIONS-ORGS.csv","2023-09-01T13:01:51.000Z","""1eb8c7eb5f0f7c9d8baa74041ad55f33-20""",198515229,"STANDARD","nccsdata"
"raw/revocations/2023-09-REVOCATIONS-TABLE.csv","2023-09-01T13:01:58.000Z","""af7deb9870e4593c9cd6b53ba9908928""",2810,"STANDARD","nccsdata"
"raw/revocations/2023-10-REVOCATIONS-LOG.txt","2023-10-01T13:02:06.000Z","""3df137b8e8d34e77f619407d9b44b39b""",4511,"STANDARD","nccsdata"
"raw/revocations/2023-10-REVOCATIONS-ORGS.csv","2023-10-01T13:01:59.000Z","""b5bfd10a38c7e5584dbb9d35349a7b6e-20""",198693354,"STANDARD","nccsdata"
"raw/revocations/2023-10-REVOCATIONS-TABLE.csv","2023-10-01T13:02:06.000Z","""828399e0b85ee83e70776f0fe8c84ffb""",2827,"STANDARD","nccsdata"
"raw/split-interest-trusts/2023-06-SIT-2020-LOG.txt","2023-06-18T22:35:04.000Z","""6319058b324b5ea8ed7fca0bbeccefa4""",608,"STANDARD","nccsdata"
"raw/split-interest-trusts/2023-06-SIT-2020.csv","2023-06-18T22:35:01.000Z","""4546a8a3410b50c260013c2d51e50250-9""",86763659,"STANDARD","nccsdata"
"raw/split-interest-trusts/2023-06-SIT-NEW-CASES-2020.csv","2023-06-18T22:35:04.000Z","""2aface4a1330d2637759078fcedfe7c6""",30,"STANDARD","nccsdata"
"raw/split-interest-trusts/2023-07-SIT-2020-LOG.txt","2023-07-05T13:53:42.000Z","""6319058b324b5ea8ed7fca0bbeccefa4""",608,"STANDARD","nccsdata"
"raw/split-interest-trusts/2023-07-SIT-2020.csv","2023-07-05T13:53:39.000Z","""4546a8a3410b50c260013c2d51e50250-9""",86763659,"STANDARD","nccsdata"
"raw/split-interest-trusts/2023-07-SIT-NEW-CASES-2020.csv","2023-07-05T13:53:42.000Z","""500387d1b28dc9d14eda2196168462c6""",30,"STANDARD","nccsdata"
"raw/split-interest-trusts/2023-08-SIT-2020-LOG.txt","2023-08-01T13:02:51.000Z","""6319058b324b5ea8ed7fca0bbeccefa4""",608,"STANDARD","nccsdata"
"raw/split-interest-trusts/2023-08-SIT-2020.csv","2023-08-01T13:02:47.000Z","""4546a8a3410b50c260013c2d51e50250-9""",86763659,"STANDARD","nccsdata"
"raw/split-interest-trusts/2023-08-SIT-NEW-CASES-2020.csv","2023-08-01T13:02:51.000Z","""1dcc073bf9e381b348c8f9af7b635fc9""",30,"STANDARD","nccsdata"
"raw/split-interest-trusts/2023-09-SIT-2020-LOG.txt","2023-09-01T13:02:13.000Z","""6319058b324b5ea8ed7fca0bbeccefa4""",608,"STANDARD","nccsdata"
"raw/split-interest-trusts/2023-09-SIT-2020.csv","2023-09-01T13:02:08.000Z","""4546a8a3410b50c260013c2d51e50250-9""",86763659,"STANDARD","nccsdata"
"raw/split-interest-trusts/2023-09-SIT-NEW-CASES-2020.csv","2023-09-01T13:02:13.000Z","""9285fd3e47f77afcd5f4b6a3f2fb9490""",30,"STANDARD","nccsdata"
"raw/split-interest-trusts/2023-10-SIT-2020-LOG.txt","2023-10-01T13:02:15.000Z","""6319058b324b5ea8ed7fca0bbeccefa4""",608,"STANDARD","nccsdata"
"raw/split-interest-trusts/2023-10-SIT-2020.csv","2023-10-01T13:02:12.000Z","""4546a8a3410b50c260013c2d51e50250-9""",86763659,"STANDARD","nccsdata"
"raw/split-interest-trusts/2023-10-SIT-NEW-CASES-2020.csv","2023-10-01T13:02:15.000Z","""6b4301a4e573efe2991fb6535b893f69""",30,"STANDARD","nccsdata"
"replication/","2023-10-11T05:25:04.000Z","""d41d8cd98f00b204e9800998ecf8427e""",0,"STANDARD","nccsdata"
"replication/mtcars.csv","2023-10-12T18:12:38.000Z","""f3bf834525463b125c632cdfe1fa6b35""",1816,"STANDARD","nccsdata"
"replication/payroll/","2023-10-11T18:28:10.000Z","""d41d8cd98f00b204e9800998ecf8427e""",0,"STANDARD","nccsdata"
"replication/payroll/19eoextract990.csv","2023-10-11T18:28:26.000Z","""a0e04f1e842678d1cf9816b2f5648234-25""",205645799,"STANDARD","nccsdata"
"replication/payroll/19eofinextractdoc.xlsx","2023-10-12T14:27:16.000Z","""694eb55ece554b63b2cfbeb8b145487b""",32335,"STANDARD","nccsdata"
"replication/payroll/20eoextract990.csv","2023-10-11T18:29:50.000Z","""bb22f00d37e2fce92b8baae3f58a2b1a-23""",186968899,"STANDARD","nccsdata"
"replication/payroll/20eoextract990pf.csv","2023-10-11T18:30:54.000Z","""23973f9d27487e1862023dee423270e5-6""",45493197,"STANDARD","nccsdata"
"replication/payroll/20eofinextractdoc.xlsx","2023-10-12T14:27:17.000Z","""9b406c85d614387a19f8aa710905d5b9""",41559,"STANDARD","nccsdata"
"replication/payroll/21eoextract990.csv","2023-10-11T18:31:19.000Z","""348a463886236dc4d979f1ec23b49f39-29""",242307398,"STANDARD","nccsdata"
"replication/payroll/21eoextract990pf.csv","2023-10-11T18:33:05.000Z","""51013e085a8be709256541b7ebe951e0-8""",61876406,"STANDARD","nccsdata"
"replication/payroll/21eofinextractdoc.xlsx","2023-10-12T14:27:16.000Z","""968daba7fbb96f2dbba21c5c14047636""",39520,"STANDARD","nccsdata"
"replication/payroll/payroll.zip","2023-10-12T16:09:44.000Z","""083f48c07239c00d646d200602a92fd2-22""",182907715,"STANDARD","nccsdata"
"temp/","2023-09-28T18:13:09.000Z","""d41d8cd98f00b204e9800998ecf8427e""",0,"STANDARD","nccsdata"
"temp/CORE-2008-CHARITIES-SCOPE-501C3-PZ.csv","2023-09-28T18:44:11.000Z","""78e2296438f96f304b2eb4fc2dd1a6ba-32""",260096452,"STANDARD","nccsdata"
"temp/CORE-2009-CHARITIES-SCOPE-501C3-PZ.csv","2023-09-28T18:44:48.000Z","""78e2296438f96f304b2eb4fc2dd1a6ba-32""",260096452,"STANDARD","nccsdata"
"temp/CORE-2010-CHARITIES-SCOPE-501C3-PZ.csv","2023-09-28T18:45:27.000Z","""78e2296438f96f304b2eb4fc2dd1a6ba-32""",260096452,"STANDARD","nccsdata"
"temp/CORE-2011-CHARITIES-SCOPE-501C3-PZ.csv","2023-09-28T18:46:04.000Z","""78e2296438f96f304b2eb4fc2dd1a6ba-32""",260096452,"STANDARD","nccsdata"
"temp/CORE-2012-CHARITIES-SCOPE-501C3-PZ.csv","2023-09-28T18:46:43.000Z","""78e2296438f96f304b2eb4fc2dd1a6ba-32""",260096452,"STANDARD","nccsdata"
"temp/CORE-2013-CHARITIES-SCOPE-501C3-PZ.csv","2023-09-28T18:47:20.000Z","""78e2296438f96f304b2eb4fc2dd1a6ba-32""",260096452,"STANDARD","nccsdata"
"temp/CORE-2014-CHARITIES-SCOPE-501C3-PZ.csv","2023-09-28T18:48:01.000Z","""78e2296438f96f304b2eb4fc2dd1a6ba-32""",260096452,"STANDARD","nccsdata"
"temp/CORE-2015-CHARITIES-SCOPE-501C3-PZ.csv","2023-09-28T18:48:39.000Z","""78e2296438f96f304b2eb4fc2dd1a6ba-32""",260096452,"STANDARD","nccsdata"
"temp/CORE-2016-CHARITIES-SCOPE-501C3-PZ.csv","2023-09-28T18:49:16.000Z","""78e2296438f96f304b2eb4fc2dd1a6ba-32""",260096452,"STANDARD","nccsdata"
"temp/CORE-2017-CHARITIES-SCOPE-501C3-PZ.csv","2023-09-28T18:49:53.000Z","""78e2296438f96f304b2eb4fc2dd1a6ba-32""",260096452,"STANDARD","nccsdata"
"temp/CORE-2018-CHARITIES-SCOPE-501C3-PZ.csv","2023-09-28T18:50:29.000Z","""78e2296438f96f304b2eb4fc2dd1a6ba-32""",260096452,"STANDARD","nccsdata"
